P13			P5	1P5			P4					p44			p7	p43				p46			p45									p47			p48			p49			p50			p51		p52		
new	items																																															
id	s	s1	a	a1	trd	ed	ti	ti1	pl	pl1	pl2	pb	pb1	pb2	y	year_string	y1	y2	y3	f	f1	f2	p	p1	bib	bib1	ex	ex1	ex2	tr	tr1	r_p	r_p1	r_p2	r_pl	r_pl1	r_pl2	r_n	r_n1	r_n2	r_c	r_c1	r_c2	r_s	r_s1	r_st	r_st1	r_st2
00.37							Zoloé et ses deux acolythes ou quelques décades de la vie de trois jolies femmes, histoire véritable du siècle dernier, par un contemporain		Turin & Paris			chez tous les marchands de nouveautés, de l’imprimerie de l’auteur, messidor			1800	an VIII				in—18			xii + 142p.		BM BNt Apollinaire,Sade Gay Lely Monglond Valençay		Selon les bibliographes, il y aurait trois versions de cette édition: in-12, in-16, in-18. L’attribution de cet ouvrage à Sade serait fausse (v. surtout Lely à ce propos).					3e personne			Paris			Zoloé, Lauréda, Volsange			aventures galantes			précisions pornographiques. (Ce serait une satire contre Joséphine de Beauharnais, madame Tallien et madame Visconti.)				
51.42			VOISENON, Claude-Henri de Fusée, abbé de				Histoire de la félicité		Amsterdam.						1751	1751				in- 12			136p.		A BNt Raynal juillet 1751; Clément mai 1751; LV B Mornet Q Uzanne, Voisenon		La première version de l’ouvrage parut dans le Mercure de France, juin et juillet 1750. Selon Q, P.-J.-B. Nougaret se serait servi de cette Histoire en écrivant son roman des Quatre générations, 1803.					Deux récits 1re personne						Thémidore, Zelamir, Alcipe, Aldine			aventures galantes (un père et une mère racontent chacun leur vie à leur fils et à leur fille, pour prouver que le véritable bonheur tient à ce qu’on accepte sa propre nature)			but moralisateur				
52.43			VOLTAIRE, François-Marie Arouet de				Le Micromégas de Mr. de Voltaire		Londres						1752	[non déclaré]				in-12			92p.		B Bengesco Delcro Dufrenoy Q		Schick Wade Notre liste des éditions de Micromégas seul est basée sur Ira O. Wade, Voltaire’s Micromégas, 1950; et U. Schick, édition critique de Micromégas dans les Œuvres complètes de Voltaire, éd. T. Besterman, Genève, 1969-, t.XVIII (à paraître). Pour les détails des éditions des Œuvres et des Romans et contes, v. Bengesco, Besterman et Schick. Pour uneanalyse du contenu des éditions collectives de 1728 à 1789, consulter Trapnell.					3e personne avec des observations 1re personne			Sirius, Saturne, Terre			Micromégas, un Saturnien, des philosophes			voyages, rencontres, discussions			thèmes philosophiques, ton satirique				
53.26			MORELLY				Naufrage des isles flottantes ou la Basiliade du célèbre Pilpaï, poème héroïque traduit de l’indien par Mr. M******		Messine			par une société de libraires			1753	1753				2 t. in - 12			xli + 216, 307p.		BNt LQEX, 145-54, juillet 1753 B Clayton Dufrenoy Gove Momet Q							3e personne			cadre fantaisiste			Zeinzemin, Zavaher, Adel			description d’une Utopie où l’on suit les lois de la nature; éléments merveilleux et allégoriques			style poétique				
54.13			CRÉBILLON, Claude-Prosper Jolyot de				Ah! quel conte! conte politique et astronomique		Bruxelles			frères Vasse			1754	1754				8 part, in - 12			210, 204. 143, 184, 192, 159,220, 229p.		A BMt BNt AL 1754 VII 193-206; CorrL déc. 1754 etjanv. 1755; Raynal déc. 1754; LV Dufrenoy Gay		B, Gay, Qet d’autres bibliographies des œuvres de Crébillon fils citent une première édition de 1751. Cependant AL, CorrL et Raynal parlent tous d’un ouvrage nouveau. BUR, qui offre une analyse (avril 1788), donne également 1754 comme la date de la première édition.					3e personne, interrompu par des conversations			cadre oriental fantaisiste			Schézaddin, Taciturne, la fée Toutou-rien			aventures merveilleuses et galantes							
54.33	n		TIPHAIGNE DE LA ROCHE, Charles-François				Amilec ou la graine d’hommes qui sert à peupler les planètes, par L’A. D. P***. Troisième édition, augmentée très considérablement		Luneville			au dépens de Chr. Hugene, à l’enseigne de Fontenelle			1754	[non déclaré]				3 part, in - 16			120, 144, 156p.		BMt Dnijon Gay Q		L’auteur a fait quelques additions et des changements d’ordre dans les incidents des deux premières parties; la troisième partie est entièrement nouvelle. Pour les autres éditions, v. 53.33.					3e partie: Relation du voyage d’un sublunaire; 1re personne avec des récits d’autres voyageurs			Vénus, la lune			Philandron, plusieurs génies			satire des lois et des moeurs européennes							
55.16			CRÉBILLON, Claude-Prosper Jolyot de				La nuit et le moment ou les matines de Cythère, dialogue		Londres						1755	1755				in- 12			291p.		A BNt CorrL avril 1755; LV B Gay Momet Q							Dialogue, avec récits racontés par les personnages			province			Cidalise, Clitandre			scène de séduction, conversations galantes			ton libertin				
57.12			RICCOBONI, Marie-Jeanne Laboras de Mézières, madame				Lettres de mistriss Fanni Butlerd à milord Charles Alfred de Caitombridge, Comte de Plisinte, duc de Raflingth, écrites en 1735, traduites de l’anglois en 1756 par Adélaïde de Varançai		Amsterdam						1757	1757				in - 12			viii + 238p.		A BNt AL 1757 VI 52-59; CorrL avril 1757 et juin 1764 B Drujon Mornet Strecter (traduction supposée)		Gay et Drujon donnent une édition de 1756, sans doute fondée sur le titre de l’ouvrage.					Lettres			Angleterre			Fanni, miss Betzi, Alfred			amours malheureuses			analyse psychologique				
58.13			JACQUIN, abbé Armand-Pierre				Lettres parisiennes sur le désir d’être heureux		Genève & Paris			Duchesne			1758	1758				2 part, in - 8			240, 207p.		A BMt BNt AL 1759 II 84-93; AT 1760(1758) B Mornet Q							Lettres			Paris			Mlle de Itougeon, Hortense, Barvillc			aventures sentimentales			réflexions morales				
58.17			RICCOBONI, Marie-Jeanne Laboras de Mézières, madame				Histoire de M. le marquis de Cressy, traduite de l’anglois par Madame de ***		Amsterdam						1758	1758				in- 12			176p.		A BMt BNt AL 1758 IV 121-128; CorrL janv. 1758 et juin 1764; LV B Crosby Delcro Gay Mornet Q Streeter (trad. supposée)		NBR Ire année XV (1799), pp. 154-236, offre un abrégé.					3e personne			France			le marquis de Cressy, la comtesse de Raisel, Adélaïde de Bugei			intrigue sentimentale			analyse des sentiments, mélancolie				
58.5			ABBES DE CABREROLES, d’				Voyage dans les espaces		Londres						1758	1758				in-12			30p.		BNt AL 1758 VII 308-310; CorrL avril 1759 B Delcro Q							1re personne, songe									voyage imaginaire; description de l’Hôtel des auteurs françois, critique littéraire			ton satirique				
58.8			BENOUVILLE, madame de				Les pensées errantes, avec quelques lettres d’un Indien par Madame de		Londres & Paris			Hardy			1758	1758				in-2			334p.		BMt BN AL 1758 IV 209-216; CorrL juillet 1758 B Dufrenoy Mornet Q		La Préface, pp. 1 -213, consiste en des Notes pour l’ouvrage qui doit suivre, mais il se trouve que cet ouvrage n’est pas achevé. Ces Notes comportent deux anecdotes.																			Pp. 214-334, Lettres d’un Indien, histoire inachevée. Pp. 89-100, Histoire de Mérida; pp. 100-108, Histoire de Dalan; intrigues sentimentales. Lettres d’un Indien: Zurac, qui écrit les lettres, est converti après de longs débats au christianisme; mais quelques aspects de son nouveau culte (l’Inquisition etc.) l’inquiètent.		
59.22			RICCOBONI, Marie-Jeanne Laboras de Mézières, madame				Lettres de milady Juliette Catesby à milady Henriette Campley son amie		Amsterdam						1759	1759				in - 12			250p.		A BNt AL 1758 VIII 289-302; CorrL avril 1759 et juin 1764; LV Delcro Gay Momet Q							Lettres, avec deux histoires intercalées			Angleterre, province			milady Juliette Catesby (jeune veuve), milord d’Ossery, Sir Henry			intrigues sentimentales			sensibilité				
59.25			VOLTAIRE, François-Marie Arouet de				Candide ou l’Optimisme, traduit de l’allemand de Mr. le docteur Ralph								1759	1759				in-12					BN AL 1759 II 203-210; AT 1761 (1759); CorrL mars 1759 Bengesco Dufrenoy Gay Morize Q																					Il paraît y avoir eu jusqu’à une vingtaine d’éditions datées de 1759. Sur la question de la véritable édition princeps, voir Bengesco; Morize; LO. Wade, Voltaire et Candide, Princeton, 1959; B.Gagnebin, ds Bulletin du bibliophile, 1960, pp. 22-31; J.-D.Candaux,ds5ftrdreson Voltaire.’XNYtt., 1961,pp. 173-178. 3epersonne; Europe, Amérique; Candide, Cunégonde, Pangloss, Martin; voyages, aventures romanesques, désastres; thèmes philosophiques, ton satirique.		
60.21			LA POPELINIÈRE, Alexandre-Jean-Joseph Le Riche de				Daïra, histoire orientale en quatre parties		Paris			Imprimerie Claude-François Simon			1760	1760				in-8			320p.		A BNt AL 1761 I 3-40; CH 1761 VI 144 et 255; CorrL avril 1761; LV B Delcro Dufrenoy Gay Momet Q							Cadre 1re personne avec récit 1re personne			cadre oriental			Daïra, Razzivil, Zoa, Ferry			intrigue sentimentale et aventures romanesques			sensibilité, mélancolie				
61.17			PUGET DE SAINT-PIERRE				Les aventures de Periphas, descendant de Cécrops, par M. Puget de S. Pierre		Amsterdam & Paris			Dufour, Cuissar			1761	1761				2 part, in-12			224, 252p.		A BNt AL 1761 IV 313-334; AT 1762 (1761); CorrL juillet 1761; LV Clayton Delcro Mornet Q							3e personne, avec récits intercalés 1re personne			Grèce			Elmédor, Ociroé, Erectée, Apollon			éducation d’un jeune prince			style poétique, pseudo-épopée à la manière de Fénelon				
61.6			BOUFFLERS, Stanislas-Jean, marquis de				La reine de Golconde, conte								1761	1761				in-8			47p.		A BNt AL 1761 V 263-275 et VI 212-213; CorrL juillet 1761, sept. 1761, mai 1763, fév. 1765, mai 1766; LV B Dufrenoy Momet		V. Contes du chevalier de Boufflers, éd. O. Uzanne, 1878. La reine de Golconde a paru dans de nombreux recueils dont nous n’avons pas toujours pu donner des détails.					1re personne									le héros rencontre Aline pour la première fois en paysanne, ensuite en marquise, enfin en reine de Golconde, ’le plus florissant Etat d’Asie'			conte galant				
62.11			CHEVRIER, François-Antoine				Le colporteur, histoire morale et critique par M. de Chevrier		Londres			Jean Nourse			1761	l’an de la vérité				in-12			224p.		BMt BNt Delcro Gay Momet Q		La date de 1753, proposée souvent, est erronée; v. l’édition d’Ad. van Bever, 1914.Pour de plus amples détails sur les premières éditions, v. Gillet N° 49.					3e personne						conversation entre la marquise de Sarmé et M. Brochure			anecdotes de toutes sortes rapportées par le colporteur			critique des mœurs, ton satirique				
62.33	m		ROUSSEAU, Jean-Jacques				Émile ou de l’éducation		La Haye			Jean Néaulme			1762	1762				5 part, en 4 t. in-8			466, 407, 384, 455p.		A BM BN CorrL juillet 1762 0 En		1780 on a publié un Supplément à l’Emile..généralement connu sous le titre: Émile et Sophie (v. 80.30).														En marge: traité d’éducation sous une forme narrative							
63.19			CAZOTTE, Jacques				Ollivier, poème								1763	1763				2t. in-8			195, 180p.		A BM BNf AL 1763 VI 73-1 17; CatH ii 1763; CorrL avril 1763 B Clayton Delcro Gay Q		Shaw BUR 1787 juillet I, pp. 29-121, offre une version abrégé.					3e personne, avec contes intercalés 3e personne (I, 43, Le plaisir, conte moral; II, 10, Aventure du pèlerin)			France, Terre Sainte, époque des Croisades			Frèdegilde, Agnès, Ollivier, Enguerrand			voyages, aventures, éléments féeriques			poème en prose, genre troubadour				
64.39			RICCOBONI, Marie-Jeanne Laboras de Mézières, madame				Histoire de miss Jenny, écrite & envoyée par elle à milady comtesse de Roscomond, ambassadrice d’Angleterre à la cour de Dannemark, par madame Riccoboni		Paris			Brocas et Humblot			1764	1764				4 part, in - 12			199, 174, 200, 222p.		A BMt BNt AL 1764 V 121-139; CatH xxiii 1764; CorrL juin 1764: LV Crosby Delcro Momet Q		Q donne aussi une édition de Paris, 1762, 2t. in-12 - erreur pour 1764? (Cf. la première des rééditions, ci-dessous.)64.39					1re personne (mémoires)			Angleterre			milord Alderson, sir Henry Lindsay, lady Sara Alderson			les malheurs d’une jeune fille de naissance obscure, histoires de famille			sensibilité				
65.5							L’éducation du jeune comte D. B***, ses amours avec Emilie de T*** et ses voyages, selon ses propres mémoires, où sont recueillies grand nombre d’histoires modernes & des recherches & découvertes d’antiquités très curieuses accompagnées de plus de cent estampes des plus beaux monuments de Rome. Nouvelle édition augmentée d’observations nouvelles sur les ouvrages de peinture, de sculpture et d’architecture, qui se voient dans cette capitale du monde, par Mr. de Raguenet		Londres			Moyse Chastel			1765	1765				3 t. in - 4			98, 99 - 190, 191 -355p.		BNt Gay Q		Q; ‘Cet ouvrage est présenté comme étant de M. de Raguenet, dont on lit le nom sur le frontispice du volume, mais c’est ici une supercherie. Après le titre vient une lettre de M. le baron de T*** à M. le marquis de N***, en lui envoyant ses mémoires, signée le baron de T***. Le titre courant du volume est Mémoires du comte de B***, contenant ses aventures. Barbier n’a point connu cet ouvrage, et son auteur pseudonyme reste encore inconnu’. L’abbé François Raguenet est auteur des Monuments de Rome ou description des plus beaux ouvrages de peinture, 1700. Nous n’avons pu trouver la première édition de L’éducation du jeune comte D. B***, qui pourrait dater de la première moitié du XVIIle siècle. 11 est possible que la partie romanesque ait été publiée à part, sous un autre titre. Roman d’éducation mêlé d’observations sur les antiquités et les trésors artistiques de Rome.																					
66.11			BENOIST, Françoise-Albine Puzin de La Martinière, madame				Elisabeth, roman par madame ***		Amsterdam			Arkstée et Merkus			1766	1766				4 part, in - 12			214, 196,234,208p.		A BNt AL 1766 II 232-242; CatH 1 1765; LV B Delcro Gay Momet Q							Lettres						Elizabeth, le chevalier de Luzan, Henriette d’AIbi			intrigue sentimentale			sensibilité, analyse des sentiments				
67.36			LEPRINCE DE BEAUMONT, madame Marie				La nouvelle Clarice, histoire véritable, par madame Le Prince de Beaumont		Lyon & Paris			Pierre Bruyset-Ponthu; Desaint			1767	[non déclaré]				2 t. in - 12			159 (pour 359), 343p.		A BNt AL 1767 VI 25 -39; CatH xxxviii 1767; CorrL oct. 1767; LV Delcro Momet Q							Lettres			cadre anglais			Clarice Derby, lady Uariote, le doyen de Colbom, le marquis de Montalve			les malheurs d’une jeune fille, intrigues de famille			sensibilité, mélancolie, sentiments chrétiens et anti-philosophiques				
67.39			MARMONTEL, Jean-François				Bélisaire, par M. Marmontel de l’Académie françoise		Paris			Merlin			1767	1767				in - 12			x + 340p.		A BM BNt AL 1768 I 3 - 27; CatH vi 1767; CorrL mars, avril, juin, oct., déc.	1767; LV Delcro Dufrenoy Lenel Mornet	Clayton, Momet et Q donnent une édition de 1766, in-8 ou in - 12, que nous n’avons pu retrouver.					3e personne			Thrace (époque de Justinien)			Tibère, Bélisaire, Anselme, Eudose			un grand soldat tombe en disgrâce			style noble, vertu, thèmes philosophiques				
67.44			RICCOBONI, Marie-Jeanne Laboras de Mézières, madame				Lettres d’Adélaïde de Dammartin, comtesse de Sancerre à monsieur le comte de Nancé, son ami, par madame Riccoboni					Humblot			1767	1767				2 part, in - 12			190, 192p.		A BM BNt AL 1766 VII 195-210; CatH xlvi 1766; CorrL nov. 1766 Crosby		Delcro et Q donnent une première édition de 1766; l’ouvrage a paru à la fin de 1766 mais semble avoir porté la date de 1767.					Lettres, interrompues par un récit (I, 83 - 160)			France			la comtesse de Sancerre, le marquis de Montalais, madame de Mirande			intrigue sentimentale (les suites d’un mariage malheureux), histoires de famille			analyse psychologique				
68.55			VOLTAIRE, François-Marie Arouet de				L’homme aux quarante écus								1768	1768				in-8			120p.		A BN B Bengesco		Pour les détails des autres éditions, que nous citons de façon sommaire, v. Bengesco et Besterman.					Ire personne virant à la 3e, avec dialogues			province, Paris			l’Homme aux quarante écus, le Géomètre, le Chirurgien, Monsieur André			suite de malheurs, discussions			thèmes économiques et philosophiques				
69.57			SACY, Claude-Louis-Michel de				Les amours de Sapho et de Phaon		Amsterdam			veuve Nihof et fils			1769	1769				in-8			153p.		At Clayton Gay Momet							3e personne			Mytilène			Scamandronyme, Cléis, Sapho, Phaon (bergers)			intrigue sentimentale, amours contrariées			sensibilité, vertu, prose poétique				
71.23			CRÉBILLON, Claude-Prosper Jolyot de				Lettres athéniennes extraites du porte-feuille d’Alcibiade		Londres			Pierre Elsmy			1771	1771				4 t. in-8			285, 302, 304, 301p.		BN+ CorrL mai 1771 B Delcro Dufrenoy Momet Q							Lettres			Athènes			Alicibiade, Glycérie, Aspasie, Périclès			aventures galantes, réflexions morales							
71.25			DORAT, Claude-Joseph				Les sacrifices de l’amour ou lettres de la vicomtesse de Senanges et du chevalier de Versenay		Amsterdam & Paris			Delalain			1771	1771				2 part, in-8			19 + 303, 220p.		A BNt AL 1771 VIII 314-329; CatH I 1771; CorrL fév. 1772; LV B Delcro Drujon Gay Mornet Q		Discours préliminaire: Idées sur les romans. Le texte de la réédition de 1772 a été considérablement modifié dans ses détails: ‘On n’y trouvera presque point de Lettres où je n’aye fait des changements’.					Lettres			Paris			Mme de Senanges, le chevalier de Versenai, la marquise d’Ercy			intrigue sentimentale, amours contrariées			sensibilité effrénée				
71.36			MERCIER, Louis-Sébastien				L’an deux mille quatre cent quarante, rêve s’il en fut jamais		Amsterdam			E. Van Harrevelt			1771	1771				in-8			viii + 416p.		Genève MH CorrL déc. 1771 B Béclard Benn Delcro Q		Dans l’Avis de l’auteur de l’édition de 1786, Mercier écrit: ‘J’ai publié la première édition de cet ouvrage en 1770; je le fis imprimer à Amsterdam chez feu Van-Harrevelt, et je n’y ai pas retouché depuis. Je le réimprime, cette présente année 1786, en trois volumes, avec de nouveaux chapitres & notes. Je désavoue pleinement & entièrement les éditions, ou plutôt les contrefaçons qui ont paru depuis 1770 jusqu’à ce jour.’ Nous n’avons pu retrouver un exemplaire portant la date de 1770; et Bachaumont, Mémoires secrets, 16 août 1771, dit: ‘11 paroît un nouveau Livre sous le titre baroque de L’An Deux Mille Quatre Cent Quarante . . . Nous croyons donc que l’ouvrage a pu être publié en 1770, probablement vers la fin de l’année, mais qu’il portait déjà la date de 1771. Dans l’édition de 1786, l’auteur s’élève en même temps contre un ‘brigandage nouveau’ commis par ‘Les contrefacteurs de Neuchâtel en Suisse’: une réédition augmentée de ‘plusieurs chapitres de mes autres ouvrages’. 11 s’agit certainement de l’édition de 1785 citée dessous. Pour la liste des rééditions nous sommes largement redevables au Dr. Benn.					Ire personne									rêve de l’avenir, critique des mœurs et des institutions			ton satirique				
72.17			CAZOTTE, Jacques				Le diable amoureux, nouvelle espagnole		Naples						1772	1772				in-8			viii + 144p.		At BM AL 1772 II 99-122; CatH viii 1772; LV B Delcro Gay Momet Q		Saint-Fargeau Shaw NBR lrc année VII ( 1798), pp. 174-204, donne une version abrégée.					Ire personne			Naples			dom Alvare, Serano, Biondetta			aventures merveilleuses et fantastiques							
72.19			DORAT, Claude-Joseph				Les malheurs de l’inconstance ou lettres de la marquise de Syrcé et du comte de Mirbelle		Amsterdam & Paris			Delalain			1772	1772				2 part, in-8			xiv +312, 284p.		A BNt CatH xii 1772; LV B Delcro Gay Momet Q							Lettres			France			lady Sidley, le comte de Mirbelle, le duc de ***, la marquise de Syrcé			intrigue sentimentale (un cœur sensible peut pécher mais reste pur), malheurs			sensibilité effrénée, analyse d’un problème moral				
72.23			LA PLACE, Pierre-Antoine de				Lydia ou mémoires de milord D***, imités de l’anglais par M. de La Place		Londres & Bruxelles			J.L. de Boubers			1772	1772				4 part, in-12			vi + 158, 131, 134, 202p.		BNt AL 1773 III 257-261; CorrL fév. 1773; LV Cobb Delcro Gay Mornet Q		Il s’agit d’une réédition des Erreurs de l’amour-propre de Cleland, avec une nouvelle suite (4e partie) composée par La Place. Pour d’autres détails, v. 54.12.																					
74.15			GÉRARD, Philippe-Louis				Le comte de Valmont ou les égarements de la raison, lettres recueillies et publiées par M......		Paris			Moutard			1774	1774				3 t. in-12			55 1,480, 530p.		A BMt BNt AL 1774 III 177-205, 1781 VII 3-4, 1785 IV 289-314; CorrL mars 1774 Gay		Un quatrième et un cinquième tome de cet ouvrage ont été publiés en 1778(v. 78.21).					Lettres			France			le comte de Valmont, Emilie, le baron de Lausanne, Mile de Senneville			les égarements d’un mari incrédule, avec beaucoup de discussions sur la religion			sensibilité, vertu, prétentions moralisatrices				
74.20			LÉONARD, Nicolas-Germain				La nouvelle Clémentine ou lettres de Henriette de Berville, par M. Léonard		La Haye & Paris			Monory			1774	1774				in-8			164p.		A BM BNt AL 1774 II 106-115; CorrL mars 1774; LV Delcro Kerby Momet Q							Lettres			France			Henriette, Séligny, madame de Meri, madame de Berville			intrigue sentimentale (qui finit par la mort de l’héroïne)			malheurs, sensibilité passionnée				
75.28			FOURQUEUX, madame de	VOISENON, Claude-Henri de Fusée, abbé de		éd. par Antoine-Marie DANTU	Zély ou la difficulté d’être heureux, roman indien, suivi de Zima et des Amours de Victorine et de Philogène, publiés par A.M. Dantu		Amsterdam & Paris			veuve Duchesne			1775	1775				in-8			xvi + 166p.		A BNt AL 1775 II 289-305; CatH vi 1775; CorrL fév. 1775; LV B Delcro Dufrenoy Gay Mornet Q		Selon Q, Les amours de Victorine sont de Voisenon;Zé/y serait de Fourqueux. A en croire la préface, Zima serait également de cette dernière: ‘Le récit des amours de Victorine & de Philogène est d’une plume différente de celle qui a traité les deux premiers sujets’.																			Pp. 1-110, Zély ou la difficulté d’être heureux; 111-118, Zima; 119-166, Les amours de Victorine et de Philogène (contes sur le thème du bonheur inaccessible).		
75.37			NERCIAT, André-Robert Andréa de				Andréa de Félicia ou mes fredaines, omé de figures en taille-douce		Londres						1775	[non déclaré]				4 part, in-18			159, 161-352, 204, 205-396p.		BMt BNt CorrL juillet 1780 Apollinaire Nerciat Drujon Gay		Le catalogue de la BN donne la date de 1775 pour cette édition; celui du BM donne 1790. Pour notre liste des Autres éditions nous citons deux bibliographies de Nerciat: Bibliographie anecdotique et raisonnée de tous les ouvrages d’Andréa de Nerciat par M. de C***, bibliophile anglais, Londres, 1876; et L’Œuvre du chevalier de Nerciat, éd. G. Apollinaire, Bibliothèque des curieux, 1910.					1re personne, avec récits intercalés 1re personne			Paris			Félicia, Sylvino, Sylvina, Monrose			aventures galantes et libertines							
76.36			MERCIER, Louis-Sébastien				Jezennemours, roman-dramatique		Amsterdam						1776	1776				2 part, in-12			276, 260p.		A BM BNt CatH xxvii 1776; CorrL juin 1776; LV Benn Mornet En		1789 on a publié un ouvrage anonyme, Artamon et Susanne, qui est en fait une version de Jezennemours (v. 89.89).					3e personne, avec récit de Jezennemours à la 1re personne			Alsace, Paris			Monval, Jezennemours, Florimonde, Suzanne, M. de Chaterbaune			intrigue sentimentale, aventures, entremêlées de thèmes religieux et philosophiques			sensibilité, vertu				
77.50			MARMONTEL, Jean-François				Les Incas ou la destruction de l’empire du Pérou par M. Marmontel, historiographe de France, l’un des quarante de l’Académie françoise		Paris			Lacombe			1777	1777				2t. in-8			xii + 338, 380p.		BNt AL 1776 VIII 289-321; CatH vi 1777; CorrL mars 1777; JP 19,30.i,77 Clayton Delcro Dufrenoy Lenel Mornet Q							3e personne, avec récit intercalé 1re personne			Pérou			Cora, Orozimbo, Alonzo de Molina, Atalibre, Huasca			aventures guerrières, incidents romanesques			roman philosophique (contre le fanatisme), couleur locale, épopée en prose				
77.57			RICCOBONI, Marie-Jeanne Laboras de Mézières, madame				Lettres de my-lord Rivers à sir Charles Cardigan, entremêlées d’une partie de ses correspondances à Londres pendant son séjour en France, par madame Riccoboni		Paris			Humblot			1777	1777				2 part, in-12			154, 208p.		A BM BNt Catll xlviii 1776; CorrL oct. 1776 Crosby		Delcro et Q donnent la date de 1776, suivant sans doute une annonce parue cette année					Lettres			Paris, Angleterre			mylord Rivers, lady Mary Courtenay, milady Ornery			intrigue mondaine			observations sur les mœurs				
78.1	*						L’horloge parlante, ouvrage critique et moral *		A la Dominique & Paris			Onfroy			1778	1778				in-12					(Reims) CatH li 1778; JP 14.xii.78; LV		L’exemplaire de la bibliothèque de Reims a été détruit en 1914-1918.																					
79.22			LOAISEL DE TRÉOGATE, Joseph-Marie				La comtesse d’Alibre ou le cri du sentiment, anecdote françoise par M. Loaisel de Tréogate		La Haye & Paris			Belin			1779	1779				in-8			xii + 146p.		A BNt CatH xxxviii 1779; JP I l.ix.79, 31.iii.80; LV Gay Loaisel de Saulnays Momet Q							3e personne			Provence			le chevalier de Saint-Flour, Lucile, Mme de Courmill, Milcourt, le comte d’Alibre			amours contrariées, malheurs			sensibilité, vertu				
82.14			BERQUIN, Arnaud				L’ami des enfans, par M. Berquin		Paris			Pissot et Théophile Barrois [ensuite: Au bureau de l’Ami des enfans ]			1782	1782 - 1783				24t. in-18					A BM BNt Ersch Gumuchian		Cet ouvrage a été distribué aux abonnés au rythme d’un volume (de 144p. en moyenne) par mois pendant deux ans. Les collections complètes des premières éditions sont rares. Certains numéros ont été réimprimés suivant la demande et portent la mention ‘deuxième édition’ ou ‘troisième édition’ (v. Gumuchian, cf. BN R 22657-58). Pour les autres ouvrages de Berquin, qui font la suite de cette publication, v. 84.11, 86.30, 90.27,91.12.														Petits récits, dialogues et pièces de théâtre pour enfants							
82.17			CHODERLOS DE LACLOS, Pierre-Ambroise-François				Les liaisons dangereuses ou lettres recueillies dans une société & publiées pour l’instruction de quelques autres, par M. C.....de L ...		Amsterdam & Paris			Durand neveu			1782	1782				4 part, in-12			248, 242, 231, 257p.		A BNt AL 1782 III 145-163; ConL avril 1782; JL xü 1782; JP 28.ÜL82 B Delcro Gay Q		Sur les éditions de ce roman, v. les travaux suivants,qui nous ont fourni la plupart des détails résumés ci-dessous: Henri Ducup de Saint-Paul, Essai bibliographique sur les deux véritables éditions originales des ‘Liaisons dangereuses’ de Choderlos de Laclos et sur d’autres éditions françaises intéressantes de ce roman, Paris, Giraud-Badin, 1928, 70p.; Gérard Willemetz, ‘La véritable deuxième édition originale des Liaisons dangereuses’, Bulletin du bibliophile, 1957, no.2, pp. 45-52; Max Brun, ‘Contribution bibliographique à l’étude des éditions des Liaisons dangereuses portant le millésime 1782’, Bulletin du bibliophile, 1958, no. 2-4, pp. 49-173; et un deuxième article par Max Brun, ‘Bibliographie des éditions des Liaisons dangereuses portant le millésime 1782’, Le Livre et l’estampe, no. 33, 1963, pp. 5-64. Dans cette dernière étude, M. Brun donne une description détaillée des seize éditions de 1782, et de celles de 1787, 1792 et 1796.					Lettres			Paris, province			Cécile Volanges, la marquise de Merteuil, le vicomte de Valmont, la présidente Tourvel			intrigues libertines, vengeances			analyse psychologique				
82.20			GENLIS, Stéphanie-Félicité Ducrest de Saint-Aubin, marquise de Sillery, comtesse de				Adèle et Théodore ou lettres sur l’éducation, contenant tous les principes relatifs aux trois différens plans d’éducation des princes, des jeunes personnes, & des hommes		Paris			M. Lambert et F.J. Baudouin			1782	1782				3t. in-8			460, 430, 464p.		At BM BNt AL 1782 V 217-288; CorrL janv. 1782; JL iv 1782; JP 21, 22.iii.82 Delcro Q		Les éditions données comme collections des Œuvres de madame de Genlis semblent être faites presque toujours de volumes publiés à part et avec des dates disparates. Il est vrai que Q donne une édition des Œuvres en 1791 (17t. in-8 et in-12), mais nous n’en avons pas trouvé d’exemplaires. A partir de 1801, Maradan à Paris paraît avoir tenu à jour une collection des differents ouvrages de madame de Genlis, mais chaque titre se vendait séparément et nous les indiquons ainsi dans nos listes.					Lettres			Languedoc			le baron et la baronne d’Almane; Adèle, Théodore, madame d’Ostalis			deux époux se retirent en province pour élever leurs enfants			but didactique (roman d’éducation), sensibilité, vertu				
82.27			LESUIRE, Robert-Martin				L’aventurier françois ou mémoires de Grégoire Merveil		Londres & Paris			Quillau, veuve Duchesne, et les libraires qui vendent les nouveautés			1782	1782				2t. in-12			ii+260, 348p.		A BNt AL 1782 IV 3-28; JL xviü 1782; JP 2O.iv, 25.vii.82 B Delcro Dufrenoy Gay Gove Q		Une première Suite a été publiée en 1783 (83.32); une Seconde suite en 1785-1786 (85.34); et une Dernière suite en 1788(88.78).					Ire personne			Paris, Italie, Brésil, Terres australes			Julie, Ninelte, Mlle de Mirville, Almanzine			aventures romanesques, voyages en France et dans des pays exotiques, description d’un pays imaginaire			thèmes philosophiques, quelques épisodes aux tendances réalistes				
83.15			ARNAUD, François-Thomas-Marie de Baculard d’				Les époux malheureux ou histoire de monsieur et madame de nouvelle édition, corrigée, augmentée de deux nouvelles parties, qui sont la conclusion de l’histoire, enrichie de belles estampes, &c., par M. d’Arnaud		Paris			veuve Ballard et Laporte			1783	1783				2t. in-8			xii + 288, 238(pour 256)p.		BNt AL 1783 IV 239; JL vi 1783; JP 4.Ü, 15.iii.83 B Gay Inklaar Q		C’est une nouvelle version d’un ouvrage publié en 1746 (v.58.R5). Selon l’avertissement, ‘les quatre premières Parties sont pleines de changements heureux, ainsi que d’augmentations considérables: les deux dernières qui mettent le complément au tableau, & qui paraissent ici pour la première fois, feront peut-être encore plus de plaisir que les parties précédentes’. 11. 83-238, Suite (parties V et VI):					1re personne			province			monsieur de Sainmoran, Agathe, Gérard			pour échapper à la poursuite, les membres de la famille La Bédoyère se déguisent en paysans...			sensibilité larmoyante, malheurs				
83.26			FLORIAN, Jean-Pierre				Claris de Galatée, roman pastoral, imité de Cervantes par M. de Florian, capitaine de dragons et gentilhomme de S.A.S. Mgr le duc de Penthievre		Paris			Didot l’aîné			1783	1783				in-18			198p.		At BM AL 1783 VIII 73-102; CorrL nov. 1783; JL xlix 1783, xvii 1784; JP 20.xi.83, 5.ii.84 Clayton Gay Q		Florian: Les collections des oeuvres de Florian se présentent le plus souvent sous la forme de volumes qui ont une page de titre indiquant seulement l’ouvrage en question, mais munis d’un faux titre annonçant le recueil auquel le volume se rattache: Œuvres de M. de Florian, Œuvres de Florian, etc. Ces volumes semblent avoir été vendus aussi à part, et les collections que l’on trouve se composent fréquemment d’éléments publiés à des dates très différentes. Vu ces difficultés, nous avons trouvé nécessaire de rendre compte dans nos listes uniquement de rééditions des volumes séparés, sous leurs différents titres, afin d’éviter la confusion. Certains recueils semblent se dessiner, cependant, avec une netteté relative.					Saillard Tchemerzine 3e personne			cadre pastoral (rives du Tage)			Galatée, Elicio, Erastre			intrigue sentimentale			prose poétique				
83.31			LÉONARD, Nicolas-Germain				Lettres de deux amans habitans de Lyon, publiées par M. Léonard		Londres& Paris			Desenne			1783	1783				3t. in-12			238, 194, 209p.		A BM BN+ AL 1783 VII 73-106; CorrL mai 1783; JL xxi 1783; JP 31.V.83 Delcro Gay Kerby Mornet Q		Gay donne le titre: Histoire tragique des amours de Thérèse et de Faldoni, arrivée à Lyon en 1771, s.l.n.d. Cet ouvrage, ainsi que le roman de Léonard, aurait été fondé, paraît-il, sur l’histoire authentique de deux amants lyonnais. Cf. aussi 76.49.					Lettres			Lyon			Thérèse, Constance, Faldoni			intrigue sentimentale, malheurs			sensibilité larmoyante				
83.40			MIRABEAU, Honoré-Gabriel de Riqueti, comte de				Ma conversion, par M.D.R.C.D.M.F., avec figures en taille-douce, première édition		Londres						1783	1783				in-12			viii + 248p.		BMt BN Apollinaire, Mirabeau B Gay		B et Q donnent le titre: Ma conversion ou le libertin de qualité; Michaud propose: Le Rubicon ou ma conversion (titre que nous n’avons pas retrouvé); Apollinaire donne: Le libertin de qualité ou ma conversion, et selon Gay c’est sous cette forme du titre que l’ouvrage a toujours paru au XVIIIe siècle. L’attribution à Mirabeau a été contestée. Pourtant Apollinaire a signalé dans la correspondance de Mirabeau trois passages où il parle en des termes très clairs du roman de Ma conversion qu’il est en train d’écrire (v. les lettres à Sophie de Monnier du 21 fév. 1780, 5 mars 1780, 26 mars 1780). Selon Apollinaire, plusieurs éditions du XIXe siècle ont porté de fausses dates: 1774(1830), 1783(1866), 1783 (1888), 1801 (1830). Pour un deuxième ouvrage intitulé Ma conversion, qui n’a rien à voir avec le roman de Mirabeau, v. 83.8.					Ire personne			France			la Saint-Just, Julie, Mlle Macao, Agnès			aventures d’un libertin			précisions pornographiques				
83.42			MONTESQUIEU, Charles-Louis de				Secondât, baron de la Brède et de Arsace et Isménie, histoire orientale		Londres & Paris			imprimerie de Didot aîné, G. de Bure			1783	1783				in-18			143p.		BMt AL 1784 III 212; CorrL janv. 1784; JL xxi 1784; JP l.iv.84 Dufrenoy Gay Q		Vian L’ouvrage, écrit en 1742, a été publié par les soins du fils de l’auteur. BUR 1784 déc., pp. 38-76, offre un résumé.					3e personne			Asie			Aspar, Arsace, Ardasire			intrigues politiques et amoureuses			ton sensible				
83.9							Mémoires de Suzon, soeur du portier des Chartreux, suivis de l’Histoire de Marguerite, fille de Suzon								1783	1783									Dawes catalogue, Gay		Les Mémoires de Suzon avaient paru en 1778 (v.78.4). Nous donnons notre description de l’Histoire de Marguerite d’après l’édition de 1784. Gay cite trois éditions qui portent des dates avant 1800 mais qui sont en réalité des éditions du dix-neuvième siècle: 1780(1870), 1784(1830), 1799 (vers 1830).								Paris											Pp. 3-60, Histoire de Marguerite: Ire personne (mais ce n’est pas l’héroïne qui parle); Paris; Marguerite, Dubois, Milord; aventures libertines; précisions pornographiques; 61-96, Dialogue entre Marguerite et le successeur de Dubois		
84.27			GORJY, Jean-Claude				Nouveau voyage sentimental		Londres & Paris			Bastien			1784	1784				in-8			ü + 188p.		BMt BNt AL 1784 VI 120-128; JL xv, xxvi 1784; JP 6.viü.84 Barton							1re personne			province			La Fleur, Thomas, Justine, Zeinevill			voyages, aventures fantaisistes et décousues							
84.43			MÉRARD DE SAINT-JUST, Anne-Jeanne-Félicité d’Ormoy, madame				Bergeries et opuscules de Mlle d’Ornoy l’aînée		En Arcadie et se trouve à Paris			chez Lamy			1784	1784				in-12			iv + 172p.		BMf BNt Monglond Q																					Le volume comporte des dialogues avec quelques récits en prose: Pp. 8-19, L’amant volage sans être inconstant; 20-51, L’indifférence punie et pardonnée, pastorale; 52-66, L’enchantement ou le buste, récit historique, 1772; 67-75, La première leçon d’amour, eglogue; 79-87, L’orage, conte pastoral.		
84.50			NERCIAT, André-Robert Andréa de				L’étourdi		Lampsaque,						1784	1784				2 part, in-12			155, 111 + 3p.		A BM BNt Apollinaire, Nerciat Drujon Gay		Apollinaire attribue cet ouvrage à Neufville-Montador; P. Lacroix (Bull, du bibliophile, 1853, p. 153) au marquis de Sade.					Ire personne (mémoires découpés en lettres)			France			le chevalier de Nanlo, Euphrosine de Therfort, la comtesse de Larba, le chevalier de Serfet, sœur Ursule			aventures libertines							
84.58			RÉTIF DE LA BRETONNE, Nicolas-Edme				La paysanne pervertie ou les dangers de la ville, histoire d’Ursule R**, sœur d’Edmond, le paysan, mise-au-jour d’après les véritables lettres des personages, avec 114 estampes, par l’auteur du Paysan perverti		La Haie & Paris			veuve Duchesne			1784	1784				4t. in-12			344, 220 (pour 320), 320, 336p.		A BM BNt AL 1785 VII 217-237; JL xxxüi 1785; JP 8.X.85 Drujon Gay Q Rives Childs		C’est une suite du Paysan perverti (76.44). Les deux ouvrages ont été réunis dans une édition datée de 1784 mais publiée en 1787 (v. 87.66).					Lettres			province (Auxerre), Paris			Ursule, Mme Parangon, Fauchon, Gaudet, Edmond, le Marquis, Lagouache...			aventures galantes, malheurs d’une villageoise entraînée par le mauvais exemple			sensibilité, intentions moralisatrices, tendances réalistes				
85.24			CHARRIÉRE, Isabelle-Agnès-Elisabeth van Tuyll van Serooskerken van Zuylen, dame de				Lettres écrites de Lausanne		Toulouse						1785	1785				in-8			116p.		BM BNt JL xxxiü 1786; JP 9.ix, 31.XÜ.86, 27.i.88 Godet		Une suite de cet ouvrage a été pubüée en 1787, sous le titre de Ca/iste (v. 87.30) NBR Ire année XIII (1799), pp. 169-220, et 2e année I (1799), pp. 89-142 offre des abrégés des Lettres et de Caliste respectivement.					Lettres			Lausanne			Cécile, le jeune lord, M. Tissot			une mère raconte dans des lettres l’éducation mondaine et sentimentale de sa fille			critique sociale, analyse psychologique				
86.27			CONSTANT DE REBECQUE, Samuel de				Laure ou lettres de quelques femmes de Suisse		Genève, Barde, Manget et compagnie & Paris			Buisson			1786	1786				7t. in-12			xxiv + 226, 248, 266, 258, 264, 234, 295p.		At JL xxiv, xlviii 1786; JP 26.xii. JP26.xii.86 Delcro		A partir du t.II le titre devient:. . . lettres de quelques personnes de Suisse. Tous les exemplaires du t.VII que nous avons vus portent la date de 1787. Les périodiques de 1786 cités ci-dessus ne mentionnent que les t.I-IV.					Lettres			Suisse			Laure de Germosan, Mlle de Mirsor, M. de Verseuil, M. de St. Marain, M. de Marville			intrigue mondaine, histoire d’amour			sensibilité, vie à la campagne				
86.32			DOPPET, François-Amédée				Mémoires de madame de Warens, suivis de ceux de Claude Anet, publiés par un C.D.M.D.P., pour servir d’Apologie aux Confessions de J.J. Rousseau		Chambéry						1786	1786				in-8			iv + xx + 4 + 258p.		BNf CorrL juillet 1786; JL xxviii 1786; JP 22.vii, 12.xi.86 Gay		Delcro et Michaud donnent une édition de 1785, tandis que Q en donne deux: Chambéri, 1785 et Genève et Paris, Leroy, 1785. Nous n’avons pas vu d’exemplaire portant cette date.					1re personne (mémoires)			Suisse, Savoie, Paris			Babet, M. de T***, M. de Warens, le roi Victor-Amédée de Sardaigne			aventures sentimentales, intrigues politiques			pseudo-autobiographie				
86.51			MIRABEAU, Honoré-Gabriel de Riqueti, comte de				Le rideau levé ou l’éducation de Laure		A Cythère						1786	1786				2t. in-12			vi + 98, 122p.		Apollinaire, Mirabeau B Gay Q		B ajoute entre parenthèses: Alençon, Jean-Zacharie Malassis. Apollinaire indique deux éditions du XIXe siècle qui portent de fausses dates: 1790 [vers 1830] et 1788 [vers 1830 également]. Ouvrage attribué également au marquis de Sentilly.					1re personne			Paris			Laurette, Lucette, Justine, Vemol, Courbelon			aventures libertines							
87.25			BECKFORD, William				Vathek		Lausanne			Isaac Hignou et Compe			1787	1787				in-8			iv + 204p.		BMt Dufrenoy Parreaux		Pour l’histoire de la publication de ce roman, v. André Parreaux, William Beckford, auteur de Vathek .... Paris, Nizct, 1960.					3e personne			Samarah			le calife Vathek. la princesse Carathis, Morakanabad, Dilara			voyages, aventures merveilleuses			fin moralisatrice				
87.54bis			LOAISEL DE TRÉOGATE, Joseph-Marie				Ainsi finissent les grandes passions ou les dernières amours du chevalier de.....publiées par M. Loaisel de Tréogate		Paris			Poinçot			1787	1787				2 part, in-12			240, 247p.		Lièget AL 1788 II 217-228		Nous devons la description de cette première édition à M. Townsend W. Bowling, auteur d’une dissertation doctorale: The Life and Works of Loaisel de Tréogate, 1752-1812: A Biographical and Bibliographical Study (Yale), où l’on trouvera de plus amples renseignements. La date de 1781 indiquée par Gay serait une erreur pour 1787.					Lettres			Paris, province			madame de V... (Eugénié), le chevalier de .... le comte de P***, M. de B...			intrigue sentimentale			sensibilité passionnée, retour à la nature				
87.56			LOUVET DE COUVRAY, Jean-Baptiste				Une année de la vie du chevalier de Faublas		Londres & Paris			chez l’auteur, rue Quincampoix, au bureau de la Bonneterie, et chez les marchands de nouveautés			1787	1787				5 part, in-12			viii + 156, 143, 171, 157, 196p.		BNt CorrL avril 1787; JL xlix 1786; JP 18.xii.86, 26.ii.87 Delcro Gay		Le t. V porte par eneur la date de 1786. Deux suites de cet ouvrage ont été publiées: Six semaines de la vie du chevalier de Faublas (88. 83); et La fin des amours du chevalier de Faublas (90.47). Les rééditions où les trois parties sont réunies se retrouveront ci-dessous (Autres éditions).					1re personne, avec récits intercalés 1re personne			Paris			le chevalier de Faublas, Adélaïde, Mlle de Pontis, M. du Portail, la Marquise, Rosembert			aventures galantes			ton léger				
88.53			FLORIAN, Jean-Pierre				Claris de Estelle, roman pastoral par M. de Florian, capitaine de dragons et gentilhomme de S.A.S. Mgr le duc de Penthièvre, des Académies de Madrid, de Florence, de Lyon, de Nîmes, d’Angers, etc., etc.		Paris			de l’imprimerie de Monsieur, chez Debure aîné, Bailly			1788	1788				in-18			209p.		A BNt AL 1788 III 232-259; JL li 1787; JP 23.xii.87, 7.i.88, 29.iii.88 Clayton Delcro Q		Saillard Saint-Fargeau Gay donne la date de 1783, sans doute par erreur pour 1788. BUR 1788 juillet, pp. 51 -121, en donne un résumé.					3e personne			cadre pastoral (Cévennes)			Estelle, Némorin, Hélion, Rose			intrigue sentimentale			style poétique				
88.75			LA PLACE, Pierre-Antoine de				Collection de romans et contes, imités de l’anglois, corrigés et revus de nouveau, par M. de La Place		Paris			Cussac			1788	1788				8t. in-8			xv+ 479, 567, 560, 491,444, 428, 488, 385p.		BNt JL xxvii 1788; JP 12.viii.88 Cobb Delcro Gay Rochedieu Streeter		La collection comprend (t.VIII) des contes qui paraissent en volume pour la première fois. Ces contes, adaptés pour la plupart de modèles anglais, ont été insérés dans le Mercure entre 1760 et 1768 (v. Cobb, pp. 81-82, 143). Un certain nombre des contes avaient déjà paru dans les Lettres à myladi *** (73.25). Le ‘roman dramatique’ Don Fernand (IV, 375-491) est en fait une pièce de théâtre. Les t.I-VII contiennent des traductions et d’autres ouvrages qui avaient déjà paru et dont nous donnons la liste à la fin de cet article.																			VIII, 1-4, Anecdote singulière concernant Henri IV; 5-19, Les deux cousines & tes quatre cousins, historiette bourgeoise; 20-30, Nancy ou l’heureuse infortune, nouvelle angloise; 31-50, I! ne faut jurer de rien, nouvelle angloise et espagnole. 51-60, Abdalla et Balsora, tradition tirée d’un ancien manuscrit persan; 61-70, Grâces au Mercure de France, historiette; 71-95, L’inconnue, nouvelle angloise; 96-100, L’orgueilleux corrigé, conte moral; 101-105, L’amour et la jalousie, conte à la grecque; 106-130, La folle angloise: lettres du capitaine Fortesene à lady Clifford, contenant les aventures d’une jeune Angloise dans l’Amérique septentrionale; 131-138, Sidney ou l’heureux hasard, anecdote angloise; 139-186, Fanny Arthur et Monrose, histoire tragi-galante; 187-213, L’hermite ou l’homme de la montagne; 214-222, Ibraham et Gémille, anecdote turque, historique et tragique; 223-232, Il est des loix dangereuses, anecdote historique, tirée (dit-on) d’un ancien manuscrit grec; 233-244, Il ne faut désespérer de rien, anecdote historique suédoise; 245-253, Erippe, conte gaulois; 254-267. Supplément à la bibliothèque bleue ou histoire du chevalier Jadis, seigneur d’autrefois; 268-292, La probité récompensée, historiette chinoise; 293-304, Les souhaits punis, conte moral, oriental et mythologique; 305-312, Ségilde, anecdote françoise, historique et galante; 313-320, La vestale, anecdote romaine; 1321-381, Brabantio		
89.104			SÉGUR, Alexandre-Joseph-Pierre, vicomte de				Correspondance secrette entre Ninon de Lenclos, le marquis de Villarceaux et madame de M.......		Paris			Le Jay			1789	1789				2 part, in-8			ii + 112, 96p.		BM BNt CorrL oct. 1789 Colombey Monglond Q							Lettres			Paris, province (XVIle siècle)			Mlle de Lenclos, le marquis de Villarceaux, mademoiselle d’Aubigné (madame Sca... [Scarron])			correspondance amoureuse au cours de laquelle le marquis délaisse Ninon pour madame Scarron							
89.81			LESUIRE, Robert-Martin				Le crime ou lettres originales, contenant les aventures de César de Perlencour, par l’auteur de L'Aventurier françois & du Philosophe parvenu		Bruxelles, Dujardin & Paris			Defer de Maisonneuve			1789	1789				4t. in-12			lv + 260, 240, 240, 232p.		A BM BNt JL xiii 1789; JP l.v.89 B Delcro Monglond Q		Une suite de cet ouvrage a été publiée la même année avec le titre: Le repentir (89.82).					Lettres, avec récits intercalés 1re personne			province (Lyon), Paris			M. de Perlencour, le comte de Lysange, César de Perlencour, Dumoulin, le chevalier Marqué, Levrette			aventures d’un jeune provincial entraîné au crime			prétentions moralisatrices				
90.47			LOUVET DE COUVRAY, Jean-Baptiste				La fin des amours du chevalier de Faublas, par M. Louvet de Couvray		Londres & Paris			Bailly			1790	1790				6t. in-12			viii + 151, 178, 155 177, 175, 192p.		BMf BNt Delcro Gay Monglond Q		C’est la suite et fin d'Une année de la vie du chevalier de Faublas ( 87. 56) et de Six semaines de la vie du chevalier de Faublas (88. 83). Pour d’autres détails, v. 87. 56.					1re personne			Paris			Faublas, la marquise de B***, Mme de Montdésir, Mme de Lignolle, Mme de Fonrose, Rosambert....			aventures galantes			ton satirique				
91.42			SADE, Donatien-Alphonse-François, marquis de				Justine ou les malheurs de la vertu		En Hollande			chez les libraires associés			1791	1791				2t in-8			283, 191p.		BNt FC 91 XV 1968 Apollinaire, Sade Gay Lely Monglond Q Valençay		V. aussi la nouvelle version de ce roman publiée en 1797 (97.71).					3e personne, avec récit intercalé 1re personne			Paris, province			la comtesse de Lorsange (Juliette), Justine, madame Duvergier, Dubourg...			les malheurs et aventures de deux soeurs orphelines de caractères opposés			détails pornographiques				
91.43			SAINT-PIERRE, Jacques-Henri				Bernardin de La chaumière indienne, par Jacques-Bemardin-Henri de Saint-Pierre					De l’imprimerie de Monsieur, Paris, P. Fr. Didot le jeune			1791	1791				in-18			xlvii + 130p.		BM BNt JP 2.i.91 ; MF 19.ii.91 Dufrenoy Gumuchian Monglond Q		Q donne une première édition de 1790, mais nous n’avons pu retrouver d’exemplaire portant cette date.					3e personne			Angleterre, Indes			le docteur anglais, le grand-prétre de Jagrenat, le paria			un savant anglais cherche la vérité aux Indes...			conte philosophique				
91.44			VESQUE DE PUTTELANGE, Jean				Le roi Guiot, histoire nouvelle tirée d’un vieux manuscrit poudreux et vermoulu								1791	1791				in-18			vi + 144p.		BMt BNt B Gay Monglond Q							3e personne			au royaume des Pacans			Guiot, Madame, Dézilia			éducation et vie d’un roi			ton satirique				
93.16			NERCIAT, André-Robert Andréa de				Les Aphrodites ou fragmens thali-priapiques pour servir à l’histoire du plaisir, N° 1		Lampsaque						1793	1793				8 part. pet. in-8			80, 80. 80, 79, 88, 75, 90, 82 + iiip.		Stockholmt Apollinaire^Vercrar B Gay Monglond Q		Q donne aussi: 4t. in-12. Apollinaire cite deux éditions de 1864 (BM, BN). L’Enfer de la BN possède aussi une édition s.l.n.d., 4t. in-18, avec une réédition datant de 1925 (BNt).					Dialogues			Paris			madame Durut, la Duchesse, le Chevalier, Trottignac, Célestine....			tableaux du libertinage			précisions pornographiques				
94.13			SOUZA, Adélai’de-Marie-Émilie Filleul, comtesse de Flahaut, puis marquise de				Adèle de Sénange ou lettres de lord Sydenham		Londres						1794	1794				in-8					B Gay Monglond Q							Saint-Fargeau Lettres			Paris, Neuilly			lord Sydenham, Adèle, madame de Yerneuil, M. de Sénange			intrigue sentimentale			analyse des sentiments				
94.8			MAISTRE, comte Xavier de				Voyage autour de ma chambre par M. le chev. X***.O.A.S.D.S.M.S		Turin						1794	1794				in-12			188p.		BNt JP 19 germ., 4 prair. IV Monglond Q																Récit fantaisiste: les objets que l’auteur voit dans sa chambre évoquent des souvenirs, inspirent des réflexions							
95.20			GENLIS, Stéphanie-Félicité Ducrest de Saint-Aubin, marquise de Sillery, comtesse de				Les chevaliers du cygne ou la cour de Charlemagne, conte historique et moral, pour servir de suite aux Veillées du château et dont tous les traits qui peuvent faire allusion à la révolution française, sont tirés de l’histoire, par madame de Genlis, auteur du Théâtre d’éducation, d’Adèle et Théodore, etc.		Paris, Lemierre & Hambourg			P.F. Fauche			1795	1795				3t. in-8			xxiv + 381, 406, 434p.		BNt JP 21 frim., 7 pluv. IV Monglond Q Saint-Fargeau							3e personne			France, Constantinople (époque de Charlemagne)			Isambard, Olivier, Célanire, Vitikind, Ogier le Danois			aventures chevaleresques			sensibilité				
95.36			SADE, Donatien-Alphonse-François, marquis de				Aline et Valcour ou le roman philosophique, écrit à la Bastille un an avant la Révolution de France, orné de quatorze gravures, par le citoyen S***		Paris			Girouard			1795	1793  Bien que portant la date de 1793, cet ouvrage ne fut publie qu'en 1795.				8t. en 4 v. in-18			xiv + 315, 503, 575, 374p.		JP 9 frim. IV Apollinaire, Sade B Gay Lely Valençay Q		Bien que portant la date de 1793, cet ouvrage ne fut publié qu’en 1795. ’ll en existe théoriquement trois éditions, mais qui proviennent du même tirage, commencé en 1791, interrompu en 1794 par le meurtre légal de Girouard /l’éditeur, qui a été guillotiné/, repris et achevé en 1795. Ces trois éditions... ne diffèrent entre elles que par le contenu des pages de titre... et par le nombre des eaux fortes qui, de quatorze dans les éditions A et B, passent à seize dans l’édition C’ (Lely, p.491 ). Deux contrefaçons de l’épisode de Sainville et de Léonore.95.36 dénoncées par Sade lui-même (Lely, p. 492), ont paru en 1799 (v. ci-dessous, Autres éditions).					Lettres, avec récits intercalés 1re personne			Paris, province, royaume de Butua			Déterville, Valcour; Eugénie, Aline			aventures romanesques, voyages, libertinage			horreur et cruauté				
95.37			SADE, Donatien-Alphonse-François, marquis de				La philosophie dans le boudoir, ouvrage posthume de l’auteur de Justine		Londres			aux dépens de la Compagnie			1795	1795				2t. in-18			180, 214p.		BMt BNt Apollinaire, Sade Gay Lely Monglond Valençay		Q donne: vers 1793. La date est donnée sur la page de titre sous la forme suivante: M.DCC.XCXV.					Dialogues			dans le boudoir d’une libertine			madame de Saint-Ange, le chevalier de Mirvel, Eugénie, Dohnancé			cours de libertinage			précisions pornographiques				
96.18			CHARRIÉRE, Isabelle-Agnès-Elisabeth van Tuyll van Serooskerken van Zuylen, dame de				Les trois femmes, nouvelle, par l’auteur des Lettres de Lausanne, publiée pour le soulagement d’une de ses amies dans le malheur		Londres			de l'imprimerie de Baylis, et se trouve chez J. Deboff, Dulau & Co, & chez tous les marchands de nouveautes			1796	1796				2t. in-18			156, 137p.		BNt		Ouvrage publié pour la première fois dans une version allemande: Drei Weiber..,, Leipzig, 1795 (Godet). V. aussi J.-D. Candaux, ‘Note sur deux éditions mutilées de madame de Charrière’, Revue des sciences humaines, xxxv, no. 137, janv.-mars 1970, 87-92.					3e personne, avec récits intercalés 1re personne et lettres			Allemagne			Emilie (fille d’émigrés), Joséphine, Constance de Vaucourt, Henri, le baron d’Altendorf, Théobald			intrigues mondaines et sentimentales, tableaux des moeurs							
97.21			DIDEROT, Denis				Jacques le fataliste et son maître, par Diderot		Paris			Buisson			1797	an cinquième de la République				2t. in-8			xxii + 286, 320p.		BM BNt JP 8 vend. V Gay Q		Saint-Fargeau Tchemerzine Selon Tchemerzine, certains exemplaires portent: Jacques la fataliste... Cet ouvrage a paru à la fin de 1796, date que donnent les bibliographes. Nous le classons ici en raison de la date révolutionnaire que porte la page de titre.					3e personne, avec dialogues, récits intercalés 1re personne, intervention du narrateur						Jacques, son maître, personnages rencontrés sur le chemin			voyage, aventures bouffonnes, galantes, romanesques			thèmes philosophiques, mise en cause des techniques du romancier				
97.22			DIDEROT, Denis				La religieuse, par Diderot		Paris			Buisson			1797	an cinquième de la République				in-8			411p.		BM BNt JG 1 91; JP 22 vend. V Gay Q		Saint-Fargeau Tchemerzine Gay donne ‘Dufart’ comme éditeur. Cet ouvrage a paru à la fin de 1796, date que donnent les bibliographes. Nous le classons ici en raison de la date révolutionnaire. Une version remaniée et raccourcie de ce roman a été publiée dans un recueil qui a pour titre: Amours, galanteries, intrigues, ruses et crimes des Capucins ..., Amsterdam & Paris, 1788 (BMt, BNt). Mais la date de 1788 est fausse, et il s’agit d’une compilation du XIXe siècle.					1re personne (mémoires)			Paris, province			Marie-Suzanne Simonin, madame de Moni, la sœur Sainte-Christine, la sœur Ursule, M. Manouri			les malheurs de la victime d’une claustration forcée			thèmes philosophiques et humanitaires				
97.74			SÉNAC DE MEILHAN, Gabriel				L’émigré, publié par M. de Meilhan, ci-devant intendant du pays d’Aunis, de Provence, Avignon et du Hainaut, et intendant-général de la guerre et des armées du roi de France, etc. etc.		A Brunsvick			chez P.F. Fauche et compagnie			1797	1797				4t. in-18			x + 251,345, 239, 252p.		BNt Monglond Q							Lettres			Allemagne			la comtesse de Liewenstein, Mlle Emilie de Wergentheim, le marquis de St. Alban			amours malheureuses			éléments d’actualité				
98.38			DIDEROT, Denis				Œuvres de Denis Diderot, publiées sur les manuscrits de l’auteur par Jacques-André Naigeon, de l’Institut national des sciences, etc.		Paris			Desray et Deterville			1798	an VI-1798				15t. in-8					BM BNt JP 30 mess. VIII Q		Certains récits de Diderot paraissent ici pour la première fois: X, 41 5-519, L’oiseau blanc, conte bleu. XII, 377-410, Ceci n’est pas un conte. Pour les autres éditions des Œuvres de Diderot, v.97.21.																					
98.41			FIÉVÉE, Joseph				La dot de Suzette ou histoire de Mme. de Senneterre, racontée par elle-même		Paris			Maradan			1798	an sixième				in-12			xii + 233p.		BMt BNt JG I 143; JP 6 prair. VI, 1 fnict. VII; JT 1 prair., 16 fruct. VI, 8 vend.. 5 pluv. Vil B Gay Monglond Q		NBR lrc année VIII (1798), pp. 106-134, en donne un abrégé.					1re personne			province, Paris			la soeur Sainte-Ursule, M. de Senneterre, Adolphe, Suzette			malheurs, intrigue sentimentale			sensibilité, vertu				
98.84			RÉTIF DE LA BRETONNE, Nicolas-Edme				L’anti-Justine ou les délices de l’amour, par M. Linguet, av. au et en Parlent., avec LX figures		Au Palais-Roial			feue la veuve Girouard			1798	1798				2 part, in-18			204, 252p.		BNt Gay Monglond Rives Childs							1re personne			province			Cupidon, Jenovefette, Cathos, madame Bourgelat,...			de multiples scènes libertines et pornographiques							
98.85			RÉVÉRONI SAINT-CYR, baron Jacques-Antoine de				Pauliska ou la perversité moderne, mémoires récens d’une Polonaise		Paris			Lemierre			1798	an VI,				2t. in-12			iv + 254, 222p.		BNt JP 29 prair. VI; JT 16 prair., 30 fruct. VI, 1 bruni. VII; Veillées I 10 1798 55-67, 11 1798 88-91 Gay Monglond Saint-Fargeau							1re personne (mémoires), avec récit intercalé 1re personne			Pologne, Piémont, Suisse			le chevalier de Morsall, madame de Visbourg, Ernest Pradislas, M. d’Olnitz			les malheurs d’une réfugiée, éléments d’actualité							
98.88			ROSNY, Antoine-Joseph-Nicolas de				Firmin ou le jouet de la fortune, histoire d’un jeune émigré, par Joseph Rosny		Paris			De l’imprimerie de Glisau, Pigoreau			1798	an VI de la République				2 part, in-18			174, 187p.		BNt JT 24 therm. VI Monglond Q							1re personne, avec récits intercalés 1re personne			France, Pays-Bas			Thomassin (laboureur), Marianne, Georges, le comte de Stainville, Sophie, Coralie			aventures révolutionnaires, voyages							
99.104			LA GRAVE, comtesse de				Sophie de Beauregard ou le véritable amour, par L.C.L.G.		Paris			De l’imprimerie de Legras et Cordier, chez Le Prieur			1799	an VII				2t. in-12			216, 211p.		BNt JP 4 pluv. VII; JT 8 vend. VII Gay Monglond Q		Gay donne aussi une édition pour l’an VI que nous n’avons pu retrouver.					Lettres			Paris, province			Sophie de Beauregard, Emilie d’Armincourt, M. Darcy, le comte de Belleville			intrigue mondaine, histoire sentimentale							
99.105			LA GRAVE, comtesse de				Zabeth ou la victime de l’ambition, par l’auteur de Sophie de Beauregard		Paris			Le Prieur			1799	an septième				2t. in-12			263, 224p.		BNt JP 2 prair. Vil; JT 5 pluv. VII; MF 10 germ. VII Monglond		Q donne une édition pour l’an VI que nous n’avons pu retrouver.					3e personne			province, Angleterre			M. de Saint-Silvain, Zabeth, mademoiselle de P’ermon, Enneric			querelles de famille, intrigue sentimentale							
99.43			ARNAUD, François-Thomas-Marie de Baculard d’				Les matinées, nouvelles anecdotes par Darnaud (sic)		Paris			de l’imprimerie de Vatar-Jouannet			1799	an VII				3t. in-12			286, 170, 177p.		BNt JG II 122; JT 20 mess. VII Inklaar Monglond Pigoreau Q		Q donne: Lemière et Maradan, 1799, 3t. in-12. /, Géminville et Dolimon ou l’héroïsme de l’amour et de l’amitié. II, Miss Elisabeth Lindley ou la femme héros. III, Virginie ou l’orpheline reconnaissante.																					
99.62			COTTIN, Sophie Ristaud, dame				Claire d’Albe, par la C. ***		Paris			Maradan			1799	an VII				in-12			viii + 285p.		BMt JG II 139; JP 14 prair. VII; JT 25 flor. VII; Veillées III 3 an VIII 258-263 Monglond Q Saint-Fargeau Sykes							Lettres			province (Tours)			Claire d’Albe, Elise de Biré, Adolphe, Frédéric			intrigue sentimentale (une femme vertueuse éprouvée par l’amour)			analyse des sentiments, sensibilité, vertu				
99.76			DUCRAY-DUMINIL, François-Guillaume				Les cinquante francs de Jeannette, par le citoyen Ducray-Duminil		Paris			Le Prieur			1799	an VII				2t. in-12			xiii + 1 5-251,251p.		BM BNt JP 3e jour compl. VII; JT 15 germ. VII Monglond Q Saint-Fargeau							3e personne			Paris, province			M. d’Erainville, Rosalie, Jeannette, Briceval			malheurs d’une enfant trouvée qui est adoptée par une dame charitable			nature, sensibilité, vertu, bienfaisance				