FR	EN	DE		P30	P58						P30RP14	P58RP14	P2	P2RP14	P25
create	items										Q19		Q20	Q19	Q19
MiMoText Label (fr)	MiMoText Label (en)	MiMoText Label (de)	Wikidata IDs	Wikidata URLs		Wikidata Label (fr)	Wikidata Label (en)	Wikidata Label (de)	Quelle	Match quality					
(art) gothique	Gothic (art)	Gotik	Q46825	https://www.wikidata.org/wiki/Q46825		(Art) gothique	Gothic (art)	Gotik	DEL	exact match					
absolutisme éclairé	enlightened absolutism	aufgeklärter Absolutismus	Q219934		https://www.wikidata.org/wiki/Q219934	despotisme éclairé	enlightened absolutism	aufgeklärter Absolutismus	DEL	close match	#	Q19			
abus de mots	malapropism	Malapropismus	Q1057682		https://www.wikidata.org/wiki/Q1057682	abus de langage	malapropism	Malapropismus	DEL	close match	#	Q19			
académie	academy	Akademie	Q162633	https://www.wikidata.org/wiki/Q162633		académie	acadamy	Akademie	DEL	exact match					
accouchement	childbirth	Geburt	Q34581	https://www.wikidata.org/wiki/Q34581		accouchement	childbirth	Geburt	DEL	exact match					
acoustique	acoustics	Akustik	Q82811	https://www.wikidata.org/wiki/Q82811		acoustique	acoustics	Akustik	DEL	exact match					
administration	administration	Verwaltung	Q3754526		https://www.wikidata.org/wiki/Q3754526	administration	administration		DEL	close match	#	Q19			
affinité	affinity	Affinität	Q3233502		https://www.wikidata.org/wiki/Q3233502	affinité	affinity		DEL	close match	#	Q19			
agriculture	agriculture	Landwirtschaft	Q11451	https://www.wikidata.org/wiki/Q11451		agriculture	agriculture	Landwirtschaft	DEL	exact match					
aide sociale	welfare	Gemeinwohl	Q12002092	https://www.wikidata.org/wiki/Q12002092		aide sociale	welfare	Gemeinwohl	Seklit	exact match					
alchimie	alchemy	Alchemie	Q39689	https://www.wikidata.org/wiki/Q39689		alchimie	alchemy	Alchemie	DEL	exact match					
algèbre	algebra	Algebra	Q3968	https://www.wikidata.org/wiki/Q3968		algèbre	algebra	Algebra	DEL	exact match					
alimentation	aliment	Nahrung	Q213449		https://www.wikidata.org/wiki/Q213449	alimentation	eating	Essen	DEL	close match	#	Q19			
allégorie	allegory	Allegorie	Q18535	https://www.wikidata.org/wiki/Q18535		allégorie	allegory	Allegorie	DEL	exact match					
âme	soul	Seele	Q9165	https://www.wikidata.org/wiki/Q9165		âme	soul	Seele	Seklit	exact match					
amitié	friendship	Freundschaft	Q491	https://www.wikidata.org/wiki/Q491		amitié	friendship	Freundschaft	Seklit	exact match					
amour	love	Liebe	Q316	https://www.wikidata.org/wiki/Q316		amour	love	Liebe	DEL	exact match					
anarchie	anarchy	Anarchie	Q31895	https://www.wikidata.org/wiki/Q31895		anarchie	anarchy	Anarchie	DEL	exact match					
anatomie	anatomy	Anatomie	Q514	https://www.wikidata.org/wiki/Q514		anatomie	anatomy	Anatomie	DEL	exact match					
anthropocentrisme	anthropocentrism	Anthropozentrismus	Q191624	https://www.wikidata.org/wiki/Q191624		anthropocentrisme	anthropocentrism	Anthropozentrismus	Seklit	exact match					
Anti-Lumières	Counter-Enlightenment	Gegenaufklärung	Q457998	https://www.wikidata.org/wiki/Q457998		Anti-Lumières	Counter-Enlightenment	Gegenaufklärung	DEL	exact match					
antiquité	antiquity	Antike	Q486761	https://www.wikidata.org/wiki/Q486761		antiquité (classique)	(Classic) antiquity	Antike	DEL	exact match					
anxiété	anxiety	Angst	Q154430	https://www.wikidata.org/wiki/Q154430		anxiété	anxiety	Angst	Seklit	exact match					
apologétique	apologetics	Apologetik	Q191776	https://www.wikidata.org/wiki/Q191776		apologétique	apologetics	Apologetik	DEL	exact match					
archéologie	archeology	Archäologie	Q23498	https://www.wikidata.org/wiki/Q23498		archéologie	archeology	Archäologie	DEL	exact match					
architecture	architecture	Architektur	Q12271	https://www.wikidata.org/wiki/Q12271		architecture	architecture	Architektur	DEL	exact match					
armée	military	Militär	Q8473	https://www.wikidata.org/wiki/Q8473		armée	military	Militär	"BGRF "	exact match					
art	art	Kunst	Q735	https://www.wikidata.org/wiki/Q735		art	art	Kunst	DEL	exact match					
astronomie	astronomy	Astronomie	Q333	https://www.wikidata.org/wiki/Q333		astronomie	astronomy	Astronomie	DEL	exact match					
athéisme	atheism	Atheismus	Q7066	https://www.wikidata.org/wiki/Q7066		athéisme	atheism	Atheismus	DEL	exact match					
attraction	attraction	Anziehung	Q24238252	https://www.wikidata.org/wiki/Q24238252		attraction	attraction	Anziehung	DEL	exact match					
autobiographie	autobiography	Autobiografie	Q4184	https://www.wikidata.org/wiki/Q4184		autobiographie	autobiography	Autobiografie	DEL	exact match					
autoréflexivité	self-reflection	Selbstreflexion	Q1780478		https://www.wikidata.org/wiki/Q1780478		self-reflection	Selbstreflexion	Seklit	close match	#	Q19			
aventure	adventure	Abenteuer	Q1436734	https://www.wikidata.org/wiki/Q1436734		adventure	adventure	Abenteuer	DEL	exact match					
balistique	balistics	Ballistik	Q184631	https://www.wikidata.org/wiki/Q184631		balistique	balistics	Ballistik	DEL	exact match					
banque	bank	Bank	Q22687	https://www.wikidata.org/wiki/Q22687		banque	bank	Bank	DEL	exact match					
barbare	barbarian	Barbar	Q134313	https://www.wikidata.org/wiki/Q134313		barbare	barbarian	Barbar	DEL	exact match					
baroque	Baroque	Barock	Q37853	https://www.wikidata.org/wiki/Q37853		baroque	Baroque	Barock	DEL	exact match					
beauté	beauty	Schönheit	Q7242	https://www.wikidata.org/wiki/Q7242		beauté	beauty	Schönheit	DEL	exact match					
bible	bible	Bibel	Q1845	https://www.wikidata.org/wiki/Q1845		bible	bible	Bibel	DEL	exact match					
bibliophilie	bibiliophilia	Bibliophilie	Q214719	https://www.wikidata.org/wiki/Q214719		bibliophilie	bibiliophilia	Bibliophilie	DEL	exact match					
bibliothèque	library	Bibliothek	Q7075	https://www.wikidata.org/wiki/Q7075		Bibliothèque	bibrary	Bibliothek	DEL	exact match					
bien	good	das Gute	Q15290	https://www.wikidata.org/wiki/Q15290		bien	good	das Gute	Seklit	exact match					
bienfaisance	beneficence	Wohltätigkeit	Q84426996		https://www.wikidata.org/wiki/Q84426996		beneficience		DEL	close match	#	Q19			
bonheur	happiness	Glück	Q8	https://www.wikidata.org/wiki/Q8		Bonheur	happiness	Glück	DEL	exact match					
botanique	botany	Botanik	Q441	https://www.wikidata.org/wiki/Q441		Botanique	botany	Botanik	DEL	exact match					
bouffon	jester	Narr	Q215548	https://www.wikidata.org/wiki/Q215548		Bouffon	jester	Narr	DEL	exact match					
bureaucratie	bureaucracy	Bürokratie	Q72468	https://www.wikidata.org/wiki/Q72468		Bureaucratie	bureaucracy	Bürokratie	DEL	exact match					
Capitalisme	capitalism	Kapitalismus	Q6206	https://www.wikidata.org/wiki/Q6206		Capitalisme	capitalism	Kapitalismus	DEL	exact match					
Caricature	caricature	Karikatur	Q482919	https://www.wikidata.org/wiki/Q482919		caricature	caricature	Karikatur	DEL	exact match					
cartographie	cartography	Kartografie	Q42515	https://www.wikidata.org/wiki/Q42515		cartographie	cartography	Kartografie	DEL	exact match					
castration	castration	Kastration	Q58929	https://www.wikidata.org/wiki/Q58929		castration	castration	Kastration	DEL	exact match					
catastrophe	disaster	Katastrophe	Q3839081	https://www.wikidata.org/wiki/Q3839081		catastrophe	disaster	Katastrophe	Seklit	exact match					
catholicisme	Catholicism	Katholizismus	Q1841	https://www.wikidata.org/wiki/Q1841		catholicisme	Catholicism	Katholizismus	DEL	exact match					
censure	censure	Zensur	Q5058947		https://www.wikidata.org/wiki/Q5058947	Censure	censure		DEL	close match	#	Q19			
chaleur	heat	Hitze	Q44432		https://www.wikidata.org/wiki/Q44432	chaleur	heat	Wärme	DEL	close match	#	Q19			
chanson	song	Lied	Q7366	https://www.wikidata.org/wiki/Q7366		chanson	song	Lied	DEL	exact match					
chevalerie	chivalry	Ritterlichkeit	Q1056721	https://www.wikidata.org/wiki/Q1056721		chevalerie	chivalry	Ritterlichkeit	BGRF	exact match					
chimie	chemistry	Chemie	Q2329	https://www.wikidata.org/wiki/Q2329		Chimie	chemistry	Chemie	DEL	exact match					
chirurgie	surgery	Chirurgie	Q40821	https://www.wikidata.org/wiki/Q40821		Chirurgie	surgery	Chirurgie	DEL	exact match					
christianisme	Christianity	Christentum	Q5043	https://www.wikidata.org/wiki/Q5043		christianisme	Christianity	Christentum	Seklit	exact match					
citoyenneté	citizenship	Staatsbürgerschaft	Q42138	https://www.wikidata.org/wiki/Q42138		citoyenneté	citizenship	Staatsbürgerschaft	DEL	exact match					
civilisation	civilization	Zivilisation	Q8432	https://www.wikidata.org/wiki/Q8432		Civilisation	civilization	Zivilisation	DEL	exact match					
classe sociale	social class	soziale Klasse	Q187588	https://www.wikidata.org/wiki/Q187588		Classe sociale	social class	soziale Klasse	DEL	exact match					
classicisme	classicism	Klassizismus	Q170292	https://www.wikidata.org/wiki/Q170292		classicisme	classicism	Klassizismus	DEL	exact match					
classification	classification	Klassifizierung	Q13582682	https://www.wikidata.org/wiki/Q13582682		classification	classification	Klassifizierung	DEL	exact match					
clergé	clergy	Klerus	Q177826	https://www.wikidata.org/wiki/Q177826		Clergé	clergy	Klerus	DEL	exact match					
collectivisme	collectivism	Kollektivismus	Q237789		https://www.wikidata.org/wiki/Q237789	collectivisme politique	collectivism	Kollektivismus	Seklit	close match	#	Q19			
colonialisme	colonialism	Kolonialismus	Q7167	https://www.wikidata.org/wiki/Q7167		Colonialisme	colonialism	Kolonialismus	DEL	exact match					
colportage	colportage	Kolportage	Q154273	https://www.wikidata.org/wiki/Q154273		colportage	colportage	Kolportage	DEL	exact match					
comédie	comedy	Komödie	Q40831	https://www.wikidata.org/wiki/Q40831		Comédie	comedy	Komödie	DEL	exact match					
Commedia dell'arte	Commedia dell'arte	Commedia dell’arte	Q191890	https://www.wikidata.org/wiki/Q191890		Commedia dell'arte	Commedia dell'arte	Commedia dell’arte	DEL	exact match					
commerce	commerce	Handel	Q26643		https://www.wikidata.org/wiki/Q26643	Commerce	commerce	Kommerz	DEL	close match	#	Q19			
communauté	community	Gemeinschaft	Q177634	https://www.wikidata.org/wiki/Q177634		communauté	community	Gemeinschaft	Seklit	exact match					
confrérie	confraternity	Bruderschaft	Q992253	https://www.wikidata.org/wiki/Q992253		confrérie	confraternity	Bruderschaft	DEL	exact match					
conte	conte	Erzählung	Q7679101		https://www.wikidata.org/wiki/Q7679101	conte écrit	conte	Conte	DEL	close match	#	Q19			
conte merveilleux/de fées	fairy tale	Märchen	Q699		https://www.wikidata.org/wiki/Q699	conte merveilleux	fairy tale	Märchen	BGRF	close match	#	Q19			
contingence	contingency	Kontingenz	Q1359069	https://www.wikidata.org/wiki/Q1359069		contingence	contingency	Kontingenz	DEL	exact match					
Contrat social	social contract	Sozialvertrag	Q1326430	https://www.wikidata.org/wiki/Q1326430		contrat coscial	social contract	Sozialvertrag	DEL	exact match					
contre-révolution	counter-revolution	Gegenrevolution	Q755138		https://www.wikidata.org/wiki/Q755138	Contre-révolution	counter-revolution	Konterrevolution	DEL	close match	#	Q19			
conversation	conversation	Konversation	Q52943	https://www.wikidata.org/wiki/Q52943		conversation	conversation	Konversation	DEL	exact match					
conversion religieuse	religious conversion	Konversion	Q904756	https://www.wikidata.org/wiki/Q904756		conversion religieuse	religious conversion	Konversion	Seklit	exact match					
corporation	corporation	Zunft	Q170161		https://www.wikidata.org/wiki/Q170161	guild	corporation	Zunft	DEL	close match	#	Q19			
corps	body	Körper	Q170494	https://www.wikidata.org/wiki/Q170494		corps	body	Körper	DEL	exact match					
correspondance	correspondence	Korrespondenz	Q1784733	https://www.wikidata.org/wiki/Q1784733		correspondance	correspondence	Korrespondenz	DEL	exact match					
correspondance littéraire	epistolary novel	Briefroman	Q2250271		https://www.wikidata.org/wiki/Q2250271	Correspondance littéraire	Correspondance littéraire	Briefliteratur	DEL	close match	#	Q19			
cosmopolitisme	cosmopolitanism	Kosmopolitismus	Q188843	https://www.wikidata.org/wiki/Q188843		Cosmopolitisme	cosmopolitanism	Kosmopolitismus	DEL	exact match					
couleur	color	Farbe	Q1075	https://www.wikidata.org/wiki/Q1075		couleur	color	Farbe	DEL	exact match					
crime	crime	Verbrechen	Q83267	https://www.wikidata.org/wiki/Q83267		crime	crime	Verbrechen	Seklit	exact match					
critique d'art	art criticism	Kunstkritik	Q1143847	https://www.wikidata.org/wiki/Q1143847		Critique d‘art	Art criticism	Kunstkritik	DEL	exact match					
critique sociale	social criticism	Gesellschaftskritik							Seklit						
culpabilité	guilt	Schuld	Q628939	https://www.wikidata.org/wiki/Q628939		culpabilité	guilt	Schuld	Seklit	exact match					
culture populaire	popular culture	Populärkultur	Q131265	https://www.wikidata.org/wiki/Q131265		Culture populaire	Popular culture	Popkultur	DEL	exact match					
curiosité	curiosity	Neugier	Q7167	https://www.wikidata.org/wiki/Q366791		curiosité	curiosity	Neugier	DEL	exact match					
danse	dance	Tanz	Q11639	https://www.wikidata.org/wiki/Q11639		Danse	dance	Tanz	DEL	exact match					
décadence	decadence	Dekadenz	Q945895	https://www.wikidata.org/wiki/Q945895		décadence	decadence	Dekadenz	Seklit	exact match					
déchristianisation	dechristianisation	Entchristianisierung	Q1344444		https://www.wikidata.org/wiki/Q1344444	déchristianisation	Dechristianisation of France during the French Revolution	Entchristianisierung	DEL	close match	#	Q19			
décoration	decoration	Orden	Q11796413		https://www.wikidata.org/wiki/Q11796413	décoration	decoration	Orden und Ehrenzeichen	DEL	close match	#	Q19			
déisme	deism	Deismus	Q620629	https://www.wikidata.org/wiki/Q620629		déisme	deism	Deismus	DEL	exact match					
démocratie	democacy	Demokratie	Q7174	https://www.wikidata.org/wiki/Q7174		démocratie	democacy	Demokratie	Seklit	exact match					
démographie	demography	Demografie	Q37732	https://www.wikidata.org/wiki/Q37732		démographie	demography	Demografie	DEL	exact match					
dérision	mockery	Spott	Q25635316	https://www.wikidata.org/wiki/Q25635316		dérision	mockery	Spott	Seklit	exact match					
dessin	drawing	Zeichnung	Q93184	https://www.wikidata.org/wiki/Q93184		Dessin	Drawing	Zeichnung	DEL	exact match					
destin	destiny	Schicksal	Q216774	https://www.wikidata.org/wiki/Q216774		destin	destiny	Schicksal	Topic Modeling	exact match					
deuil	mourning	Trauer	Q750652	https://www.wikidata.org/wiki/Q750652		deuil	mourning	Trauer	Seklit	exact match					
devoir	duty	Pflicht	Q878070	https://www.wikidata.org/wiki/Q878070		devoir	duty	Pflicht	Seklit	exact match					
diable	devil	Teufel	Q6674	https://www.wikidata.org/wiki/Q6674		diable	devil	Teufel	DEL	exact match					
dialogue	dialogue	Dialog	Q131395	https://www.wikidata.org/wiki/Q131395		Dialogue	Dialogue	Dialog	DEL	exact match					
dictionnaire	dictionary	Wörterbuch	Q23622	https://www.wikidata.org/wiki/Q23622		dictionnaire	dictionary	Wörterbuch	DEL	exact match					
Dieu	God	Gott	Q190	https://www.wikidata.org/wiki/Q190		Dieu	God	Gott	DEL	exact match					
difformité	deformity	Deformität	Q1182746	https://www.wikidata.org/wiki/Q1182746		difformité	deformity	Deformität	DEL	exact match					
dilettantisme	dilettantism	Dilettantismus	Q16027925		https://www.wikidata.org/wiki/Q16027925		dilettantism	Dilettantismus	DEL	close match	#	Q19			
domestique	domestic worker	Hauspersonal	Q54128	https://www.wikidata.org/wiki/Q54128		domestique	domestic worker	Hauspersonal	DEL	exact match					
drame	drama	Drama	Q25372	https://www.wikidata.org/wiki/Q25372		drame	drama	Drama	DEL	exact match					
droit	law	Recht	Q7748	https://www.wikidata.org/wiki/Q7748		droit	law	Recht	Seklit	exact match					
droit naturel	natural law	Naturrecht	Q29524	https://www.wikidata.org/wiki/Q29524		Droit naturel	Natural law	Naturrecht	DEL	exact match					
droit public	public law	öffentliches Recht	Q207892	https://www.wikidata.org/wiki/Q207892		droit public	Public law	öffentliches Recht	DEL	exact match					
droits de l'homme	human rights	Menschenrechte	Q8458		https://www.wikidata.org/wiki/Q8458	droits humains	human rights	Menschenrechte	DEL	close match	#	Q19			
dystopie	dystopia	Dystopie	Q180774	https://www.wikidata.org/wiki/Q180774		dystopie	dystopia	Dystopie	Seklit	exact match					
éclectisme	eclecticism	Eklektizismus	Q192068	https://www.wikidata.org/wiki/Q192068		éclecticisme	eclecticism	Eklektizismus	DEL	exact match					
économie	economy	Wirtschaft	Q159810	https://www.wikidata.org/wiki/Q159810		économie	economy	Wirtschaft	DEL	exact match					
écriture	writing	Schreiben	Q37260	https://www.wikidata.org/wiki/Q37260		écriture	writing	Schreiben	Seklit	exact match					
éducation	education	Bildung	Q8434		https://www.wikidata.org/wiki/Q8434	éducation	education	Ausbildung	DEL	close match	#	Q19			
égalité	equality	Gleichheit	Q773009	https://www.wikidata.org/wiki/Q773009		égalité	equality	Gleichheit	DEL	exact match					
égoïsme	egoism	Egoismus	Q238350	https://www.wikidata.org/wiki/Q238350		égoïsme	egoism	Egoismus	Seklit	exact match					
égyptomanie	egyptomania	Ägyptomanie	Q254272	https://www.wikidata.org/wiki/Q254272		égyptomanie	egyptomania	Ägyptomanie	DEL	exact match					
électricité	electricity	Elektrizität	Q12725	https://www.wikidata.org/wiki/Q12725		électricité	electricity	Elektrizität	DEL	exact match					
éloquence	eloquence	Eloquenz	Q1489271		https://www.wikidata.org/wiki/Q1489271	éloquence	eloquence	Sprachfertigkeit	DEL	close match	#	Q19			
empirisme	empiricism	Empirismus	Q83368	https://www.wikidata.org/wiki/Q83368		empirisme	empiricism	Empirismus	DEL	exact match					
encyclopédie	encyclopedia	Enzyklopädie	Q5292	https://www.wikidata.org/wiki/Q5292		encyclopédie	encyclopedia	Enzyklopädie	DEL	exact match					
énergie	energy	Energie	Q11379	https://www.wikidata.org/wiki/Q11379		énergie	energy	Energie	DEL	exact match					
enfance	childhood	Kindheit	Q276258	https://www.wikidata.org/wiki/Q276258		Enfance	childhood	Kindheit	DEL	exact match					
enthousiasme	enthusiasm	Enthusiasmus	Q840407	https://www.wikidata.org/wiki/Q840407		enthousiasme	enthusiasm	Enthusiasmus	DEL	exact match					
envie	envy	Neid	Q188739	https://www.wikidata.org/wiki/Q188739		envie	envy	Neid	Seklit	exact match					
épicurisme	epicureanism	Epikureismus	Q179541	https://www.wikidata.org/wiki/Q179541		épicurisme	epicureanism	Epikureismus	DEL	exact match					
érotisme	eroticism	Erotik	Q3519050	https://www.wikidata.org/wiki/Q3519050		érotisme	eroticism	Erotik	DEL	exact match					
esclavage	slavery	Sklaverei	Q8463	https://www.wikidata.org/wiki/Q8463		esclavage	slavery	Sklaverei	DEL	exact match					
espèce	species	Spezies	Q7432		https://www.wikidata.org/wiki/Q7432	Espèce	species	Art	DEL	close match	#	Q19			
espoir	hope	Hoffnung	Q190507	https://www.wikidata.org/wiki/Q190507		espoir	hope	Hoffnung	Seklit	exact match					
essai	essay	Essay	Q35760	https://www.wikidata.org/wiki/Q35760		Essai	essay	Essay	DEL	exact match					
esthétique	aesthetics	Ästhetik	Q35986	https://www.wikidata.org/wiki/Q35986		esthétique	aesthetics	Ästhetik	DEL	exact match					
état	state	Staat	Q7275	https://www.wikidata.org/wiki/Q7275		état	state	Staat	DEL	exact match					
état de nature	state of nature	Naturzustand	Q1130390	https://www.wikidata.org/wiki/Q1130390		état de nature	state of nature	Naturzustand	Seklit	exact match					
être humain	human	Mensch	Q5	https://www.wikidata.org/wiki/Q5		être humain	human	Mensch	Seklit	exact match					
exotisme	exoticism	Exotismus	Q368949	https://www.wikidata.org/wiki/Q368949		exotisme	exoticism	Exotismus	Seklit	exact match					
expérience	experience	Erfahrung	Q164359	https://www.wikidata.org/wiki/Q164359		expérience	experience	Erfahrung	Seklit	exact match					
fable	fable	Fabel	Q693	https://www.wikidata.org/wiki/Q693		fable	fable	Fabel	DEL	exact match					
famille	family	Familie	Q8436	https://www.wikidata.org/wiki/Q8436		famille	family	Familie	DEL	exact match					
fanatisme	fanaticism	Fanatismus	Q489750	https://www.wikidata.org/wiki/Q489750		fanatisme	fanatacism	Fanatismus	DEL	exact match					
féminisme	feminism	Feminismus	Q7252	https://www.wikidata.org/wiki/Q7252		féminisme	feminism	Feminismus	DEL	exact match					
femme de lettres	woman of letters	Schriftstellerinnen	Q381353		https://www.wikidata.org/wiki/Q381353	femme de lettres	woman of letters	Briefkorrespondentin	DEL	close match	#	Q19			
femme fatale	femme fatale	Femme fatale	Q222573	https://www.wikidata.org/wiki/Q222573		femme fatale	femme fatale	Femme fatale	Seklit	exact match					
féodalité	feudalism	Feudalismus	Q37739	https://www.wikidata.org/wiki/Q37739		féodalité	feudalism	Feudalismus	DEL	exact match					
fête	party	Fest	Q200538	https://www.wikidata.org/wiki/Q200538		fête	party	Fest	DEL	exact match					
finance	finance	Finanzwesen	Q43015		https://www.wikidata.org/wiki/Q43015	Finance	finance	Finanzen	DEL	close match	#	Q19			
folie	insanity	Wahnsinn	Q505619	https://www.wikidata.org/wiki/Q505619		folie	insanity	Wahnsinn	DEL	exact match					
franc-maçonnerie	freemasonry	Freimaurerei	Q41726	https://www.wikidata.org/wiki/Q41726		franc-maçonnerie	freemasonry	Freimaurerei	DEL	exact match					
fuite	escape	Flucht	Q50388354		https://www.wikidata.org/wiki/Q50388354	échapper	escape	Flucht	Seklit	close match	#	Q19			
futur	future	Zukunft	Q344	https://www.wikidata.org/wiki/Q344		futur	future	Zukunft	Seklit	exact match					
galanterie	gallantary	Courtoisie	Q1627417	https://www.wikidata.org/wiki/Q1627417		galanterie	gallantary	Courtoisie	BGRF	exact match					
génération	generation	Generation	Q213381	https://www.wikidata.org/wiki/Q213381		génération	generation	Generation	DEL	exact match					
génie	genius	Genie	Q185030	https://www.wikidata.org/wiki/Q185030		génie	genius	Genie	DEL	exact match					
géographie	geography	Geographie	Q1071	https://www.wikidata.org/wiki/Q1071		géographie	Geography	Geographie	DEL	exact match					
géologie	geology	Geologie	Q1069	https://www.wikidata.org/wiki/Q1069		géologie	geology	Geologie	DEL	exact match					
géométrie	geometry	Geometrie	Q8087	https://www.wikidata.org/wiki/Q8087		géométrie	geometry	Geometrie	DEL	exact match					
goût	taste	Geschmack	Q1143012	https://www.wikidata.org/wiki/Q1143012		goût	taste	Geschmack	DEL	exact match					
gouvernement	government	Regierung	Q7188	https://www.wikidata.org/wiki/Q7188		gouvernement	government	Regierung	DEL	exact match					
grammaire	grammar	Grammatik	Q8091	https://www.wikidata.org/wiki/Q8091		grammaire	grammar	Grammatik	DEL	exact match					
Grand Tour	Grand Tour	Grand Tour	Q6682302	https://www.wikidata.org/wiki/Q6682302		Grand Tour	Grand Tour	Grand Tour	DEL	exact match					
grotesque	grotesque	Groteske	Q218248	https://www.wikidata.org/wiki/Q218248		Grotesque	Grotesque	Groteske	DEL	exact match					
guerre	war	Krieg	Q198	https://www.wikidata.org/wiki/Q198		guerre	war	Krieg	DEL	exact match					
haine	hatred	Hass	Q160232	https://www.wikidata.org/wiki/Q160232		haine	hatred	Hass	Seklit	exact match					
héros	hero	Held	Q162244	https://www.wikidata.org/wiki/Q162244		héros	hero	Held	DEL	exact match					
histoire	history	Geschichte	Q309	https://www.wikidata.org/wiki/Q309		histoire	history	Geschichte	DEL	exact match					
histoire naturelle	natural history	Naturgeschichte	Q484591	https://www.wikidata.org/wiki/Q484591		Histoire naturelle	Natural history	Naturgeschichte	DEL	exact match					
humanité	humanity	Menschlichkeit	Q17027938	https://www.wikidata.org/wiki/Q17027938		humanité	humanity	Menschlichkeit	Seklit	exact match					
hypocrisie	hypocrisy	Heuchelei	Q201650	https://www.wikidata.org/wiki/Q201650		hypocrisie	hypocrisy	Heuchelei	Seklit	exact match					
idéal	ideal	Ideal	Q840396	https://www.wikidata.org/wiki/Q840396		idéal	ideal	Ideal	DEL	exact match					
idée	idea	Idee	Q131841	https://www.wikidata.org/wiki/Q131841		idée	idea	Idee	DEL	exact match					
identité	identity	Identität	Q844569	https://www.wikidata.org/wiki/Q844569		Identité	identity	Identität	Seklit	exact match					
idéologie	ideology	Ideologie	Q7257	https://www.wikidata.org/wiki/Q7257		idéologie	ideology	Ideologie	DEL	exact match					
idolâtrie	idolatry	Idolatrie	Q840665		https://www.wikidata.org/wiki/Q840665	idolâtrie	Idolatry	Götze	DEL	close match	#	Q19			
illusion	illusion	Illusion	Q182593	https://www.wikidata.org/wiki/Q182593		illusion	illusion	Illusion	Seklit	exact match					
illustration	illustration	Illustration	Q178659	https://www.wikidata.org/wiki/Q178659		Illustration	Illustration	Illustration	DEL	exact match					
imagination	imagination	Imagination	Q34516	https://www.wikidata.org/wiki/Q34516		Imagination	Imagination	Imagination	DEL	exact match					
imitation	imitation	Imitation	Q1131737	https://www.wikidata.org/wiki/Q1131737		Imitation	Imitation	Nachahmung	DEL	exact match					
imprimerie	printing	Druckwesen	Q11034		https://www.wikidata.org/wiki/Q11034	Imprimerie	printing	Buchdruck	DEL	close match	#	Q19			
inceste	incest	Inzest	Q127683	https://www.wikidata.org/wiki/Q127683		inceste	incest	Inzest	Seklit	exact match					
individualisme	individualism	Individualismus	Q171995	https://www.wikidata.org/wiki/Q171995		individualisme	individualism	Individualismus	Seklit	exact match					
industrialisation	industrialization	Industrialisierung	Q202398	https://www.wikidata.org/wiki/Q202398		Industrialisation	industrialization	Industrialisierung	DEL	exact match					
inimitié	enmity	Feindschaft	Q5275945	https://www.wikidata.org/wiki/Q5275945		inimitié	enmity	Feindschaft	Seklit	exact match					
inspiration	inspiration	Inspiration	Q196668	https://www.wikidata.org/wiki/Q196668		inspiration	Artistic inspiration	Inspiration	DEL	exact match					
interaction	interaction	Interaktion	Q52948	https://www.wikidata.org/wiki/Q52948		interaction	interaction	Interaktion	Topic Modeling	exact match					
ironie	irony	Ironie	Q131361	https://www.wikidata.org/wiki/Q131361		ironie	irony	Ironie	DEL	exact match					
Islam	Islam	Islam	Q432	https://www.wikidata.org/wiki/Q432		Islam	Islam	Islam	DEL	exact match					
jalousie	jealousy	Eifersucht	Q6545811	https://www.wikidata.org/wiki/Q6545811		jalousie	jealousy	Eifersucht	Seklit	exact match					
jésuite	jesuit	Jesuit	Q63173086	https://www.wikidata.org/wiki/Q63173086		jésuite	jesuit	Jesuit	DEL	exact match					
joie	joy	Freude	Q935526	https://www.wikidata.org/wiki/Q935526		joie	joy	Freude	Seklit	exact match					
journalisme	journalism	Journalismus	Q11030	https://www.wikidata.org/wiki/Q11030		journalisme	journalism	Journalismus	DEL	exact match					
Judaïsme	Judaism	Judentum	Q9268	https://www.wikidata.org/wiki/Q9268		Judaïsme	Judaism	Judentum	DEL	exact match					
jugement	judgment	Urteil	Q3769186	https://www.wikidata.org/wiki/Q3769186		jugement	judgment	Urteil	Seklit	exact match					
justice	judiciary	Judikative	Q105985		https://www.wikidata.org/wiki/Q105985	Pouvoir judicaire	judiciary	Judikative	DEL	close match	#	Q19			
justice	justice	Gerechtigkeit	Q5167661	https://www.wikidata.org/wiki/Q5167661		justice	justice	Gerechtigkeit	Seklit	exact match					
laïcisation	laicisation	Laizisierung	Q3220108		https://www.wikidata.org/wiki/Q3220108	laïcisation	laicisation		DEL	close match	#	Q19			
laideur	ugliness	Hässlichkeit	Q1415055	https://www.wikidata.org/wiki/Q1415055		laideur	ugliness	Hässlichkeit	DEL	exact match					
langue	language	Sprache	Q34770		https://www.wikidata.org/wiki/Q34770	langue	language	Einzelsprache	DEL	close match	#	Q19			
lecture	lecture	Lesen	Q199657	https://www.wikidata.org/wiki/Q199657		lecture	lecture	Lesen	DEL	exact match					
libéralisme	liberalism	Liberalismus	Q6216		https://www.wikidata.org/wiki/Q6216	Libéralisme classique	Classic liberalism	Liberalismus	DEL	close match	#	Q19			
liberté	liberty	Freiheit	Q2979	https://www.wikidata.org/wiki/Q2979		liberté	liberty	Freiheit	DEL	exact match					
libertinage	libertinism	Libertinage	Q18915146		https://www.wikidata.org/wiki/Q18915146	libertinage	libertinsime	Libertinismus	DEL	close match	#	Q19			
littérature clandestine	Clandestine literature	Klandestine Literatur	Q3821764		https://www.wikidata.org/wiki/Q3821764	Littérature clandestine	Clandestine literature		DEL	close match	#	Q19			
livre	book	Buch	Q571	https://www.wikidata.org/wiki/Q571		livre	Book	Buch	DEL	exact match					
Lumières	enlightenment	Aufklärung	Q2512021		https://www.wikidata.org/wiki/Q2512021	lumières	lumières	Vordenker der Aufklärung	DEL	close match	#	Q19			
luxe	luxury	Luxus	Q10953913	https://www.wikidata.org/wiki/Q10953913		Luxe	luxury	Luxus	DEL	exact match					
machine	machine	Maschine	Q11019	https://www.wikidata.org/wiki/Q11019		machine	machine	Maschine	DEL	exact match					
magnétisme	magnetism	Magnetismus	Q3294789	https://www.wikidata.org/wiki/Q3294789		magnétisme	magnetism	Magnetismus	DEL	exact match					
mal	evil	das Böse		https://www.wikidata.org/wiki/Q15292		mal	evil	das Böse	Seklit	exact match					
maladie	disease	Krankheit	Q12136	https://www.wikidata.org/wiki/Q12136		maladie	disease	Krankheit	Seklit	exact match					
malheur	unhappiness	Unglück	Q105839683	https://www.wikidata.org/wiki/Q105839683		malheur	unhappiness	Unglück	BGRF/Seklit	exact match					
masque	mask	Maske	Q161524	https://www.wikidata.org/wiki/Q161524		masque	mask	Maske	DEL	exact match					
matérialisme	materialism	Materialismus	Q7081	https://www.wikidata.org/wiki/Q7081		matérialisme	materialism	Materialismus	DEL	exact match					
mathématiques	mathematics	Mathematik	Q395	https://www.wikidata.org/wiki/Q395		mathématiques	mathematics	Mathematik	DEL	exact match					
mécanique	mechanics	Mechanik	Q41217	https://www.wikidata.org/wiki/Q41217		mécanique	mechanics	Mechanik	DEL	exact match					
médecine	medicine	Medizin	Q11190	https://www.wikidata.org/wiki/Q11190		médecine	medicine	Medizin	DEL	exact match					
mélancolie	melancholia	Melancholie	Q192077	https://www.wikidata.org/wiki/Q192077		mélancolie	melancholia	Melancholie	DEL	exact match					
mémoire	recollection	Erinnerung	Q3267244	https://www.wikidata.org/wiki/Q3267244		mémoire	recollection	Erinnerung	Seklit	exact match					
mépris	contempt	Verachtung	Q5338825	https://www.wikidata.org/wiki/Q5338825		mépris	contempt	Verachtung	Seklit	exact match					
métaphysique	metaphysics	Metaphysik	Q35277	https://www.wikidata.org/wiki/Q35277		métaphysique	metaphysics	Metaphysik	DEL	exact match					
migration	migration	Migration	Q177626		https://www.wikidata.org/wiki/Q177626	migration	human migration	Migration	DEL	close match	#	Q19			
minéralogie	mineralogy	Mineralogie	Q83353	https://www.wikidata.org/wiki/Q83353		minéralogie	mineralogy	Mineralogie	DEL	exact match					
miracle	miracle	Wunder	Q170774	https://www.wikidata.org/wiki/Q170774		miracle	miracle	Wunder	BGRF	exact match					
mobilier	furniture	Mobiliar	Q14745	https://www.wikidata.org/wiki/Q14745		mobilier	furniture	Möbel	DEL	exact match					
mœurs	mores	Sitten	Q1115221	https://www.wikidata.org/wiki/Q1115221		mœurs	mores	Sitte	DEL	exact match					
monade	monad	Monade	Q12370437	https://www.wikidata.org/wiki/Q12370437		monade	monad	Monade	DEL	exact match					
monarchie	monarchie	Monarchie	Q7269	https://www.wikidata.org/wiki/Q7269		monarchy	monarchie	Monarchie	Topic Modeling	exact match					
monstruosité	monstrosity	Monstrosität	Q276453		https://www.wikidata.org/wiki/Q276453	monstruosité	monster	Monster	DEL	close match	#	Q19			
montgolfière	hot air balloon	Heißluftballon	Q1551574	https://www.wikidata.org/wiki/Q1551574		montgolfière	hot air balloon	Heißluftballon	DEL	exact match					
monument	monument	Monument	Q4989906	https://www.wikidata.org/wiki/Q4989906		monument	monument	Denkmal	DEL	exact match					
morale	morality	Moral	Q48324	https://www.wikidata.org/wiki/Q48324		morale	morality	Moral	DEL	exact match					
mort	death	Tod	Q4	https://www.wikidata.org/wiki/Q4		mort	death	Tod	DEL	exact match					
musique	music	Musik	Q638	https://www.wikidata.org/wiki/Q638		musique	music	Musik	DEL	exact match					
mystère	mystery	Mysterium	Q1247195	https://www.wikidata.org/wiki/Q1247195		mystère	mystery	Mysterium	BGRF	exact match					
mystique	mysticism	Mystik	Q45996	https://www.wikidata.org/wiki/Q45996		mystique	mysticism	Mystik	DEL	exact match					
mythologie	mythology	Mythologie	Q9134	https://www.wikidata.org/wiki/Q9134		mythologie	mythology	Mythologie	DEL	exact match					
nation	nation	Nation	Q6266	https://www.wikidata.org/wiki/Q6266		nation	nation	Nation	DEL	exact match					
nature	nature	Natur	Q7860	https://www.wikidata.org/wiki/Q7860		nature	nature	Natur	DEL	exact match					
naufrage	shipwrecking	Schiffbruch	Q906512	https://www.wikidata.org/wiki/Q906512		naufrage	shipwrecking	Schiffbruch	BGRF	exact match					
nécessité	necessity	Notwendigkeit	Q2301186	https://www.wikidata.org/wiki/Q2301186		nécessité	necessity	Notwendigkeit	DEL	exact match					
néo-classicisme	neoclassicism	Klassizismus	Q14378	https://www.wikidata.org/wiki/Q14378		néo-classicisme	neoclassicism	Klassizismus	DEL	exact match					
newtonianisme	Newtonianism	Newtonismus	Q17123497		https://www.wikidata.org/wiki/Q17123497	newtonisme	Newtonianism		DEL	close match	#	Q19			
noble sauvage'	noble savage'	edler Wilder'	Q829689		https://www.wikidata.org/wiki/Q829689	bon sauvage	noble savage	edler Wilder	DEL	close match	#	Q19			
noblesse	nobility	Adel	Q134737	https://www.wikidata.org/wiki/Q134737		noblesse	nobility	Adel	DEL	exact match					
nuit	night	Nacht	Q575	https://www.wikidata.org/wiki/Q575		nuit	night	Nacht	DEL	exact match					
oppression	oppression	Unterdrückung	Q252000	https://www.wikidata.org/wiki/Q252000		oppression	oppression	Unterdrückung	Seklit	exact match					
optimisme	optimism	Optimismus	Q485446	https://www.wikidata.org/wiki/Q485446		optimisme	optimism	Optimismus	DEL	exact match					
optique	optics	Optik	Q14620	https://www.wikidata.org/wiki/Q14620		optique	optics	Optik	DEL	exact match					
organisation	organization	Organisation	Q43229	https://www.wikidata.org/wiki/Q43229		Organisation	organization	Organisation	DEL	exact match					
orientalisme	Orientalism	Orientalismus	Q42865	https://www.wikidata.org/wiki/Q42865		orientalisme	Orientalism	Orientalismus	DEL	exact match					
originalité	originality	Originalität	Q2914681	https://www.wikidata.org/wiki/Q2914681		originalité	originality	Originalität	DEL	exact match					
paix	peace	Frieden	Q454	https://www.wikidata.org/wiki/Q454		paix	peace	Frieden	DEL	exact match					
pantomime	pantomime	Pantomime	Q13409536		https://www.wikidata.org/wiki/Q13409536	pantomime	pantomime	Englische Pantomime	DEL	close match	#	Q19			
parade	parade	Parade	Q657449		https://www.wikidata.org/wiki/Q657449	défilé	parade	Parade	DEL	close match	#	Q19			
paradoxe	paradox	Paradoxon	Q483372	https://www.wikidata.org/wiki/Q483372		paradoxe	paradox	Paradoxon	DEL	exact match					
parodie	parody	Parodie	Q170539	https://www.wikidata.org/wiki/Q170539		parodie	parody	Parodie	DEL	exact match					
passion	passion	Leidenschaft	Q335046	https://www.wikidata.org/wiki/Q335046		Passion	passion	Leidenschaft	DEL	exact match					
pastorale en littérature	pastorale in litterature	Pastorale in der Literatur							BGRF						
patriotisme	patriotism	Patriotismus	Q6241	https://www.wikidata.org/wiki/Q6241		patriotisme	patriotism	Patriotismus	DEL	exact match					
paysannerie	farming community	Bauernschaft	Q838811		https://www.wikidata.org/wiki/Q838811	paysannerie	farmer	Landarbeiter	DEL	close match	#	Q19			
péché	sin	Sünde	Q60227	https://www.wikidata.org/wiki/Q60227		péché	sin	Sünde	Seklit	exact match					
pédagogie	pedagogy	Pädagogik	Q7922	https://www.wikidata.org/wiki/Q7922		pédagogie	pedagogy	Pädagogik	DEL	exact match					
peinture	painting	Gemälde	Q3305213	https://www.wikidata.org/wiki/Q3305213		peinture	painting	Gemälde	DEL	exact match					
perfectibilité	perfection	Vollkommenheit	Q378701	https://www.wikidata.org/wiki/Q378701		perfection	perfection	Vollkommenheit	DEL	exact match					
persécution	persecution	Verfolgung	Q851824	https://www.wikidata.org/wiki/Q851824		persécution	persecution	Verfolgung	Seklit	exact match					
personnalité	personality	Persönlichkeit	Q641118	https://www.wikidata.org/wiki/Q641118		personnalité	personality	Persönlichkeit	Seklit	exact match					
perspective	perspective	Perspektive	Q1900281	https://www.wikidata.org/wiki/Q1900281		perspective	perspective	Perspektive	DEL	exact match					
pessimisme	pessimism	Pessimismus	Q484954	https://www.wikidata.org/wiki/Q484954		pessimisme	pessimism	Pessimismus	DEL	exact match					
pessimisme culturel	cultural pessimism	Kulturpessimismus	Q629509		https://www.wikidata.org/wiki/Q629509		cultural pessimism	Kulturpessimismus	Seklit	close match	#	Q19			
peuple	people	Volk	Q2472587	https://www.wikidata.org/wiki/Q2472587		peuple	people	Volk	DEL	exact match					
philosophie	philosophy	Philosophie	Q5891	https://www.wikidata.org/wiki/Q5891		philosophie	philosophy	Philosophie	DEL	exact match					
physiognomonie	physiognomy	Physiognomie	Q841933	https://www.wikidata.org/wiki/Q841933		physiognomonie	physiognomy	Physiognomie	DEL	exact match					
physiologie	physiology	Physiologie	Q521	https://www.wikidata.org/wiki/Q521		physiologie	physiology	Physiologie	DEL	exact match					
physique expérimentale	experimental physics	Experimentalphysik	Q18366	https://www.wikidata.org/wiki/Q18366		physique expérimentale	Experimental physics	Experimentalphysik	DEL	exact match					
piétisme	pietism	Pietismus	Q193664	https://www.wikidata.org/wiki/Q193664		piétisme	Pietism	Pietismus	DEL	exact match					
pittoresque	picturesque	Pittoreske	Q1627825	https://www.wikidata.org/wiki/Q1627825		pittoresque	picturesque	Picturesque	DEL	exact match					
poésie	poetry	Poesie	Q482	https://www.wikidata.org/wiki/Q482		poésie	poetry	Poesie	DEL	exact match					
police	police	Polizei	Q35535	https://www.wikidata.org/wiki/Q35535		police	police	Polizei	DEL	exact match					
politesse	politeness	Höflichkeit	Q281287	https://www.wikidata.org/wiki/Q281287		politesse	politeness	Höflichkeit	Seklit	exact match					
politique	politics	Politik	Q7163	https://www.wikidata.org/wiki/Q7163		politique	politics	Politik	Seklit	exact match					
portrait	portrait	Porträt	Q134307	https://www.wikidata.org/wiki/Q134307		portrait	portrait	Porträt	DEL	exact match					
pouvoir	power	Macht	Q25107	https://www.wikidata.org/wiki/Q25107		pouvoir	power	Macht	DEL	exact match					
préjugé	prejudice	Vorurteil	Q179742	https://www.wikidata.org/wiki/Q179742		préjugé	prejudice	Vorurteil	DEL	exact match					
probabilié	probability	Wahrscheinlichkeit	Q9492	https://www.wikidata.org/wiki/Q9492		probabilié	probability	Wahrscheinlichkeit	DEL	exact match					
problème	problem	Problem	Q621184	https://www.wikidata.org/wiki/Q621184		problème	problem	Problem	Seklit	exact match					
progrès	progress	Fortschritt	Q247792	https://www.wikidata.org/wiki/Q247792		progrès	progress	Fortschritt	DEL	exact match					
propriété	property	Eigentum	Q1400881	https://www.wikidata.org/wiki/Q1400881		propriété	property	Eigentum	DEL	exact match					
protestantisme	protestanism	Protestantismus	Q23540	https://www.wikidata.org/wiki/Q23540		protestanisme	Protestanism	Protestantismus	DEL	exact match					
proverbe	proverb	Sprichwort	Q35102	https://www.wikidata.org/wiki/Q35102		proverbe	proverb	Sprichwort	DEL	exact match					
providence	providence	Vorsehung	Q866338	https://www.wikidata.org/wiki/Q866338		providence	providence	Vorsehung	DEL	exact match					
psyché	psyche	Psyche	Q194034	https://www.wikidata.org/wiki/Q194034		psyché	psyche	Psyche	Seklit	exact match					
Querelle des Anciens et des Modernes	Quarrel of the Ancients and the Moderns	Querelle des Anciens et des Modernes	Q267863		https://www.wikidata.org/wiki/Q267863	Querelle des Anciens et des Modernes	Quarrel of the Ancients and the Moderns	Querelle des Anciens et des Modernes	DEL	close match	#	Q19			
raison	reason	Vernunft	Q178354	https://www.wikidata.org/wiki/Q178354		raison	reason	Vernunft	DEL	exact match					
réalité	reality	Realität	Q9510	https://www.wikidata.org/wiki/Q9510		réalité	reality	Realität	Seklit	exact match					
réforme	reform	Reform	Q900406	https://www.wikidata.org/wiki/Q900406		réforme	reform	Reform	Seklit	exact match					
relation amoureuse	romantic relationship	Liebesbeziehung	Q1189047		https://www.wikidata.org/wiki/Q1189047	romantic love	relation amoureuse	Liebesbeziehung	Topic Modeling	close match	#	Q19			
relativisme	relativism	Relativismus	Q83188	https://www.wikidata.org/wiki/Q83188		relativisme	relativism	Relativismus	Seklit	exact match					
religion	religion	Religion	Q9174	https://www.wikidata.org/wiki/Q9174		religion	religion	Religion	DEL	exact match					
République des Lettres	Republic of Letters	Res publica literaria	Q449359	https://www.wikidata.org/wiki/Q449359		République des Lettres	Republic of Letters	Res publica literaria	DEL	exact match					
rêve	dream	Traum	Q36348	https://www.wikidata.org/wiki/Q36348		rêve	dream	Traum	DEL	exact match					
révolution	revolution	Revolution	Q10931	https://www.wikidata.org/wiki/Q10931		révolution	revolution	Revolution	DEL	exact match					
rhétorique	rhetoric	Rhetorik	Q81009	https://www.wikidata.org/wiki/Q81009		rhétorique	rhetoric	Rhetorik	DEL	exact match					
richesse	wealth	Reichtum	Q200535		https://www.wikidata.org/wiki/Q200535	wealth	richesse	Reichtum	Topic Modeling	close match	#	Q19			
rire	laughter	Lachen	Q170579	https://www.wikidata.org/wiki/Q170579		rire	laughter	Lachen	DEL	exact match					
rivalité	rivalry	Rivalität	Q1139327	https://www.wikidata.org/wiki/Q1139327		rivalité	rivalry	Rivalität	Seklit	exact match					
Rococo	Rococo	Rokoko	Q122960	https://www.wikidata.org/wiki/Q122960		Rococo	Rococo	Rokoko	DEL	exact match					
rôle de genre	gender role	Geschlechterrolle	Q2672163	https://www.wikidata.org/wiki/Q2672163		rôle de genre	gender role	Geschlechterrolle	Seklit	exact match					
roman	novel	Roman	Q8261	https://www.wikidata.org/wiki/Q8261		roman	novel	Roman	DEL	exact match					
roman noir	novel noir	Roman noir	Q1940294	https://www.wikidata.org/wiki/Q1940294		roman noir	Novel noir	Roman noir	DEL	exact match					
rumeur	rumor	Gerücht	Q878352	https://www.wikidata.org/wiki/Q878352		rumeur	rumor	Gerücht	DEL	exact match					
sadisme	sadism	Sadismus	Q5507613		https://www.wikidata.org/wiki/Q5507613	sadisme	sexual sadism disorder	Sadismus	Seklit	close match	#	Q19			
satire	satire	Satire	Q128758	https://www.wikidata.org/wiki/Q128758		satire	satire	Satire	DEL	exact match					
scepticisme	skepticism	Skeptizismus	Q1395219	https://www.wikidata.org/wiki/Q1395219		scepticisme	skepticism	Skeptizismus	DEL	exact match					
science	science	Wissenschaft	Q336	https://www.wikidata.org/wiki/Q336		science	science	Wissenschaft	DEL	exact match					
sculpture	sculpture	Skulptur	Q860861	https://www.wikidata.org/wiki/Q860861		sculpture	sculpture	Skulptur	DEL	exact match					
séduction	seduction	Verführung	Q1527023	https://www.wikidata.org/wiki/Q1527023		séduction	seduction	Verführung	Seklit	exact match					
sentimentalisme	sentimentalism	Empfindsamkeit	Q754602		https://www.wikidata.org/wiki/Q754602	Empfindsamkeit	sentimentalism	Empfindsamkeit	DEL	close match	#	Q19			
sensualisme	sensualism	Sensualismus	Q651205	https://www.wikidata.org/wiki/Q651205		sensualisme	sensualism	Sensualismus	DEL	exact match					
sentiment	sentiment	Gefühl	Q205555	https://www.wikidata.org/wiki/Q205555		feeling	sentiment	Gefühl	Topic Modeling	exact match					
sexualité	sexuality	Sexualität	Q4042967	https://www.wikidata.org/wiki/Q4042967		sexualité	sexuality	Sexualität	DEL	exact match					
sociabilité	sociability	Soziabilität	Q366435	https://www.wikidata.org/wiki/Q366435		sociabilité	sociability	Soziabilität	DEL	exact match					
société	society	Gesellschaft	Q8425	https://www.wikidata.org/wiki/Q8425		société	society	Gesellschaft	Seklit	exact match					
soldat	soldier	Soldat	Q4991371	https://www.wikidata.org/wiki/Q4991371		soldat	soldier	Soldat	DEL	exact match					
solitude	loneliness	Einsamkeit	Q223270	https://www.wikidata.org/wiki/Q223270		solitude	loneliness	Einsamkeit	Seklit	exact match					
sorcellerie	witchcraft	Hexerei	Q259745	https://www.wikidata.org/wiki/Q259745		sorcellerie	witchcraft	Zauberei	DEL	exact match					
souffrance	suffering	Leiden	Q5780945		https://www.wikidata.org/wiki/Q5780945	souffrance	suffering	Leid	Seklit	close match	#	Q19			
statistique	statistics	Statistik	Q12483	https://www.wikidata.org/wiki/Q12483		statistique	statistics	Statistik	DEL	exact match					
sublime	sublime	Erhabene	Q999803	https://www.wikidata.org/wiki/Q999803		sublime	sublime	Das Erhabene	DEL	exact match					
suicide	suicide	Suizid	Q10737	https://www.wikidata.org/wiki/Q10737		suicide	suicide	Suizid	Seklit	exact match					
superstition	superstition	Aberglaube	Q133182	https://www.wikidata.org/wiki/Q133182		superstition	superstition	Aberglaube	Seklit	exact match					
technique	technique	Technik	Q2695280	https://www.wikidata.org/wiki/Q2695280		Technique	Technique	Technik	DEL	exact match					
temps	time	Zeit	Q11471	https://www.wikidata.org/wiki/Q11471		temps	time	Zeit	DEL	exact match					
terreur	terror	Terror	Q13648784	https://www.wikidata.org/wiki/Q13648784		terreur	terror	Terror	DEL	exact match					
Théodicée	theodicy	Theodizee	Q276183	https://www.wikidata.org/wiki/Q276183		Théodicée	theodicy	Theodizee	DEL	exact match					
théologie	theology	Theologie	Q34178	https://www.wikidata.org/wiki/Q34178		théologie	theology	Theologie	DEL	exact match					
tolérance	toleration	Toleranz	Q183225	https://www.wikidata.org/wiki/Q183225		tolérance	Toleration	Toleranz	DEL	exact match					
tradition	tradition	Tradition	Q82821	https://www.wikidata.org/wiki/Q82821		Tradition	tradition	Tradition	DEL	exact match					
traduction	translation	Übersetzung	Q7553	https://www.wikidata.org/wiki/Q7553		Traduction	translation	Übersetzung	DEL	exact match					
tragédie	tragedy	Tragödie	Q80930	https://www.wikidata.org/wiki/Q80930		tragédie	tragedy	Tragödie	DEL	exact match					
transport	transport	Transport	Q7590	https://www.wikidata.org/wiki/Q7590		transport	transport	Verkehr	DEL	exact match					
travail	work	Arbeit	Q6958747	https://www.wikidata.org/wiki/Q6958747		Travail	work	Arbeit	DEL	exact match					
troubadour	troubadour	Troubadour	Q186370	https://www.wikidata.org/wiki/Q186370		troubadour	troubadour	Troubadour	BGRF	exact match					
tyrannie	tyranny	Tyrannei	Q22082330	https://www.wikidata.org/wiki/Q22082330		tyrannie	tyranny	Tyrannei	Seklit	exact match					
universaux	universality	Universalismus	Q875797	https://www.wikidata.org/wiki/Q875797		universaux	universality	Universalismus	Seklit	exact match					
urbanisme	urbanism	Urbanistik	Q59950	https://www.wikidata.org/wiki/Q59950		Urbanisme	urbanism	Urbanistik	DEL	exact match					
utilitarisme	utilitarianism	Utilitarismus	Q160590	https://www.wikidata.org/wiki/Q160590		utilitarisme	utilitarianism	Utilitarismus	DEL	exact match					
utopie	utopia	Utopie	Q131156	https://www.wikidata.org/wiki/Q131156		utopie	utopia	Utopie	DEL	exact match					
valeur	value	Wertvorstellung	Q194112	https://www.wikidata.org/wiki/Q194112		valeur	value	Wertvorstellung	Seklit	exact match					
vanité	vanity	Eitelkeit	Q1321250	https://www.wikidata.org/wiki/Q1321250		vanité	vanity	Eitelkeit	Seklit	exact match					
vengeance	revenge	Rache	Q1712140	https://www.wikidata.org/wiki/Q1712140		vengeance	revenge	Rache	Seklit	exact match					
vérité	truth	Wahrheit	Q7949	https://www.wikidata.org/wiki/Q7949		vérité	truth	Wahrheit	Seklit	exact match					
vertu	virtue	Tugend	Q157811	https://www.wikidata.org/wiki/Q157811		vertu	virtue	Tugend	DEL	exact match					
vie	life	Leben	Q3	https://www.wikidata.org/wiki/Q3		vie	life	Leben	Seklit	exact match					
vie quotidienne	everyday life	Alltag	Q1129653	https://www.wikidata.org/wiki/Q1129653		vie quotidienne	everyday life	Alltag	Seklit	exact match					
violence	violence	Gewalt	Q124490	https://www.wikidata.org/wiki/Q124490		violence	violence	Gewalt	Seklit	exact match					
volcanisme	volcano	Vulkanismus	Q505748		https://www.wikidata.org/wiki/Q505748	volcan	volcano	Vulkanismus	DEL	close match	#	Q19			
volonté	will	Wille	Q364340	https://www.wikidata.org/wiki/Q364340		volonté	will	Wille	Seklit	exact match					
voyage	travel	Reise	Q61509	https://www.wikidata.org/wiki/Q61509		voyage	travel	Reise	DEL	exact match					
vulgarisation	popularisation	Popularismus	Q2104295		https://www.wikidata.org/wiki/Q2104295		popularisation	Popularismus	Seklit	close match	#	Q19			
zoologie	zoology	Zoologie	Q431	https://www.wikidata.org/wiki/Q431		zoologie	zoology	Zoologie	DEL	exact match					